ID,ref_pm2_5
ID_00OZLF7X,164.04426364754116
ID_00ZI0D98,161.50036334289993
ID_017GTLAU,163.90632591222564
ID_01IBM7T2,161.15438529419674
ID_01II27D4,169.80837052495593
ID_01PKRNEP,163.64689090932657
ID_021PCRSH,161.16555529275982
ID_0274H7B6,159.20802109093015
ID_02NFLBYH,162.56341542543237
ID_032LIJKT,166.56405058824512
ID_060OB5PM,163.90632591222564
ID_06EFLCQ1,161.50036334289993
ID_07J2NT68,164.73733329334155
ID_088T3GY1,170.50144017075633
ID_08NXTHXJ,161.09330566743836
ID_090R0SNF,166.8343536776792
ID_09A1DQJW,163.60594478490881
ID_09FIRKTW,166.55288058968205
ID_0AOBGKCB,163.64689090932657
ID_0BHWLJMC,168.51261338243808
ID_0BKHDOU6,167.0947800909007
ID_0BRD0DWL,159.60000931420836
ID_0CXBEOYH,161.50036334289993
ID_0DDOKYWN,158.37988011287797
ID_0DID31PG,169.3700516623236
ID_0DVRZUYC,161.50036334289993
ID_0DYLDE3Q,161.50036334289993
ID_0F7ZP73J,158.37988011287797
ID_0FZG7CWV,161.50036334289993
ID_0HINQVMM,159.20802109093015
ID_0IJNRWJR,161.50036334289993
ID_0IW22706,161.50036334289993
ID_0JHQ3U2E,161.50036334289993
ID_0KIGVVU0,158.37988011287797
ID_0L5UL5YJ,164.04426364754116
ID_0L6HQ584,170.50144017075633
ID_0LCIWI0O,171.42354795811306
ID_0LZPOHTV,164.04426364754116
ID_0MPIZRA0,164.73733329334155
ID_0N7MZ82Z,169.67043278964042
ID_0NDHXZAS,163.90632591222564
ID_0OEOAZQJ,163.90632591222564
ID_0OH8M4JT,164.46822175117364
ID_0PICZ2AV,161.50036334289993
ID_0POKO7OA,161.50036334289993
ID_0Q0GVMPC,162.56341542543237
ID_0QAS386Z,160.48101944096337
ID_0QIU3FIN,161.15438529419674
ID_0R3FFO14,163.90632591222564
ID_0RH04S3M,170.50144017075633
ID_0RWN9W4Q,161.50036334289993
ID_0S1SYRI0,164.73733329334155
ID_0SVFS3L9,162.56341542543237
ID_0TS7MEFX,164.73733329334155
ID_0TV9WM4F,164.73733329334155
ID_0URP8GWZ,158.37988011287797
ID_0V4D047Y,158.37988011287797
ID_0VM725EW,164.73733329334155
ID_0W94NHE6,161.09330566743836
ID_0XC7SYMF,157.07775615535562
ID_0XH4D131,164.04426364754116
ID_0XJ66H25,158.37988011287797
ID_0XMSMERR,159.1990105253496
ID_0ZB36MQR,159.1990105253496
ID_0ZRPQYMV,169.3700516623236
ID_10USGSEO,161.15438529419674
ID_11X1NG30,161.50036334289993
ID_12EILPSV,162.52099501164784
ID_12FJKZHG,163.90632591222564
ID_12XUBBWW,171.42354795811306
ID_131FHSQ0,170.50144017075633
ID_14XMEN92,165.6594410806983
ID_156H7JSD,164.73733329334155
ID_15827AVR,164.04426364754116
ID_15TPMDO9,171.42354795811306
ID_1668QBSW,164.04426364754116
ID_16UVG1Z9,164.04426364754116
ID_17EXI4YM,164.73733329334155
ID_17FNTZTY,158.37988011287797
ID_18O9WELI,158.37988011287797
ID_18U5BGEZ,166.55288058968205
ID_1987YL70,161.50036334289993
ID_198CU36T,168.51261338243808
ID_19JG8ICR,161.09330566743836
ID_19UBEPIC,164.04426364754116
ID_1AB5T959,161.50036334289993
ID_1AD9JM3Y,164.73733329334155
ID_1AK81OSF,158.37988011287797
ID_1AYOTNUY,161.50036334289993
ID_1BN7L9QX,161.50036334289993
ID_1CRH5CEY,158.37988011287797
ID_1CW3IXGF,158.37988011287797
ID_1CZCT9U1,161.50036334289993
ID_1D6U2XR8,157.07775615535562
ID_1EN1RO3B,164.73733329334155
ID_1EP9HZWU,164.73733329334155
ID_1ESMNUM1,169.67043278964042
ID_1F3O76JJ,163.64689090932657
ID_1FF78I9N,163.60594478490881
ID_1FQIN0T9,161.16555529275982
ID_1FUT6DN0,159.60000931420836
ID_1G5AJMJG,169.80837052495593
ID_1GFELIRD,161.16555529275982
ID_1GMS3HIH,161.50036334289993
ID_1GZTVBBZ,157.38482293595737
ID_1HM6XJ58,170.50144017075633
ID_1HOZVUYP,161.50036334289993
ID_1HSUXAKD,161.50036334289993
ID_1I65DQ7R,161.50036334289993
ID_1J7O4OZ3,161.15438529419674
ID_1JD943CR,161.50036334289993
ID_1JVANV9U,158.37988011287797
ID_1K0R5BOQ,164.73733329334155
ID_1KXNCOOV,159.1990105253496
ID_1L5GVQCE,163.90632591222564
ID_1LI5FSUE,163.90632591222564
ID_1LZ1FBOL,166.49180096292366
ID_1MMF5HQC,161.09330566743836
ID_1MORYDEC,167.0947800909007
ID_1NSQKFBQ,169.24130765732735
ID_1O2V9C82,169.67043278964042
ID_1ODVG3E7,161.15438529419674
ID_1OIUK6LV,162.56341542543237
ID_1OP57M5V,164.04426364754116
ID_1OW95GJ8,161.50036334289993
ID_1P76QYZV,163.90632591222564
ID_1PPM8GMD,159.20802109093015
ID_1Q8W17CB,161.15438529419674
ID_1RBW5QKY,161.15438529419674
ID_1S4NHOCM,161.09330566743836
ID_1SYYB53N,161.50036334289993
ID_1TI3JM0U,163.90632591222564
ID_1U0UYLL2,159.1990105253496
ID_1U21YQHQ,161.15438529419674
ID_1U4M52U3,163.64689090932657
ID_1UGC0XY5,164.73733329334155
ID_1V5R2N5D,161.09330566743836
ID_1VDNLN58,161.16555529275982
ID_1VJKHNM4,164.73733329334155
ID_1WINHQCE,164.73733329334155
ID_1WWV1FV6,167.0947800909007
ID_1WYS2CEF,164.73733329334155
ID_1Y2HT3AS,161.50036334289993
ID_1Y9FGCOE,158.37988011287797
ID_1Z2UOP0O,163.90632591222564
ID_1ZIA13O9,163.90632591222564
ID_1ZRUJMAK,169.67043278964042
ID_1ZX6NO3G,168.51261338243808
ID_20WZZNYS,157.93378652574015
ID_21EU12UJ,169.67043278964042
ID_21MQ12EC,162.56341542543237
ID_21UATTBP,161.50036334289993
ID_22855M69,164.73733329334155
ID_22A0QTRP,169.67043278964042
ID_22F4V7BU,161.50036334289993
ID_22IYQ8BW,170.50144017075633
ID_22TZEPIP,160.48101944096337
ID_22X2GYPE,164.04426364754116
ID_241HVT51,165.74152361958897
ID_25H4PDTL,161.50036334289993
ID_26VWTZMD,159.1990105253496
ID_28EXN6DZ,161.50036334289993
ID_28HEX94L,162.56341542543237
ID_28HSL4RG,164.73733329334155
ID_293WO9SH,164.04426364754116
ID_29SO8WDO,157.93378652574015
ID_2AJQEBY3,163.90632591222564
ID_2AQ8EERD,164.73733329334155
ID_2AX8YXJK,166.49180096292366
ID_2B4BBU7N,169.80837052495593
ID_2BPL1592,157.07775615535562
ID_2BRQEZ1J,159.1990105253496
ID_2C2TSCJL,160.48101944096337
ID_2CCGJJJU,159.1779428401296
ID_2CFDAS44,161.01293166593996
ID_2D95KLRM,167.0947800909007
ID_2DGMY5YC,164.04426364754116
ID_2DK6JLG4,162.56341542543237
ID_2EBGG9YF,163.90632591222564
ID_2FIEWK17,164.04426364754116
ID_2FRI4B0D,159.91705217443695
ID_2G0756NB,161.50036334289993
ID_2G9H886I,163.71137069494725
ID_2GF4OEG3,164.73733329334155
ID_2H18YV46,163.64689090932657
ID_2H4RMBBH,161.50036334289993
ID_2I0R4WK2,164.73733329334155
ID_2I9JEV0X,164.04426364754116
ID_2IP85HYG,161.09330566743836
ID_2ITXVA1G,161.50036334289993
ID_2IVQL5JX,163.90632591222564
ID_2J3HV98Q,161.50036334289993
ID_2JBSRNGC,158.37988011287797
ID_2JBY8M0F,157.07775615535562
ID_2JOTIEMP,164.04426364754116
ID_2JP1GXBY,164.04426364754116
ID_2JPUD29O,161.50036334289993
ID_2KGE6ZMP,158.37988011287797
ID_2KJBEMN0,166.55288058968205
ID_2KK0LWT4,164.6767464086843
ID_2KMYQAD4,166.41142696142526
ID_2L0OWV04,161.50036334289993
ID_2L6KO405,168.51261338243808
ID_2LE0NSUI,162.56341542543237
ID_2M67IGXG,162.56341542543237
ID_2MBQR2JD,158.37988011287797
ID_2N4Z4SIY,161.15438529419674
ID_2NJIFQPN,160.48101944096337
ID_2NPL6S4J,163.90632591222564
ID_2NY9VKW7,169.80837052495593
ID_2OCZY3SH,161.15438529419674
ID_2OMRGIFP,163.71137069494725
ID_2Q17SSBJ,161.50036334289993
ID_2QCH70VA,166.49180096292366
ID_2QHBLCJE,158.37988011287797
ID_2QSDHZHZ,162.97376818902347
ID_2RE6VIAY,161.50036334289993
ID_2RN35O53,169.67043278964042
ID_2S5VA8YH,162.29187156941958
ID_2S6WH4VA,164.04426364754116
ID_2SI4WFXB,169.67043278964042
ID_2T3R0R48,164.73733329334155
ID_2TUO570Q,162.56341542543237
ID_2UR7S4KB,163.90632591222564
ID_2UW9TA5Z,161.15438529419674
ID_2V4YU2ET,162.56341542543237
ID_2V7WYFE9,164.73733329334155
ID_2VHGL4S5,158.37988011287797
ID_2W3S3GVC,161.50036334289993
ID_2WA5FJXW,161.50036334289993
ID_2WYF50VY,166.55288058968205
ID_2X1T1JQ2,167.0947800909007
ID_2X8T3F4R,161.50036334289993
ID_2XHUQ58H,161.50036334289993
ID_2XJG20RI,164.73733329334155
ID_2XSXCJDK,160.48101944096337
ID_2YMSSE01,168.51261338243808
ID_2Z59RPCF,164.73733329334155
ID_308ZCH01,162.56341542543237
ID_30BS33WH,170.50144017075633
ID_30DMXPRZ,163.64689090932657
ID_30JLQ06J,164.04426364754116
ID_30SBLVDV,163.71137069494725
ID_31FMESAU,164.73733329334155
ID_3244CQNF,170.50144017075633
ID_3397UL3O,161.50036334289993
ID_33LSGTRB,163.90632591222564
ID_33Y8FNCW,161.16555529275982
ID_34OANOVX,162.56341542543237
ID_34VIEM4P,161.50036334289993
ID_34Z8AUGG,161.50036334289993
ID_355NGMHT,163.90632591222564
ID_358KR0O4,171.42354795811306
ID_35V3GLM5,165.87951473644867
ID_35YXIPGS,162.56341542543237
ID_36PYJBWW,162.00901158005098
ID_36Q7RQ62,164.73733329334155
ID_37QXHNOS,158.37988011287797
ID_384IBFLU,162.56341542543237
ID_39DXMEP4,161.15438529419674
ID_39JYV7SW,161.50036334289993
ID_39XUHF5R,161.50036334289993
ID_3AWQXLOF,169.80837052495593
ID_3BU585EK,158.37988011287797
ID_3DDWVNWE,161.50036334289993
ID_3DFZ85PO,164.73733329334155
ID_3DUEV7MP,158.85420750619787
ID_3EIF1A67,164.73733329334155
ID_3FJRET8I,161.50036334289993
ID_3G8A0JPJ,168.15783217343315
ID_3GOSYJNY,161.50036334289993
ID_3H9TCBLL,161.16555529275982
ID_3JT27AAZ,164.04426364754116
ID_3KA51JAZ,164.04426364754116
ID_3KHN1KF9,163.90632591222564
ID_3KYFY813,163.90632591222564
ID_3M35FRP4,164.04426364754116
ID_3M7E7KCT,161.50036334289993
ID_3M9IGJMX,161.50036334289993
ID_3MELPATD,161.01293166593996
ID_3MTYY9V8,157.07775615535562
ID_3PHZ2Q60,165.39213015241612
ID_3QSI85ZT,161.09330566743836
ID_3QZWSC2F,161.50036334289993
ID_3RDUN4G0,158.37988011287797
ID_3SA8MMWR,161.50036334289993
ID_3SD0IL0T,168.51261338243808
ID_3SDR4BYO,164.73733329334155
ID_3SOGHXRA,161.15438529419674
ID_3T8U3HZ3,158.37988011287797
ID_3TD7W2H9,166.55288058968205
ID_3TF9SDQE,161.50036334289993
ID_3UH8XVG7,161.50036334289993
ID_3UMZYEY5,169.80837052495593
ID_3WIF9T63,161.15438529419674
ID_3X5MK0AB,161.15438529419674
ID_3XGRDZ12,161.50036334289993
ID_3XPS437H,167.0947800909007
ID_3XTMZKMR,165.39213015241612
ID_3YM699SL,169.67043278964042
ID_3Z449WKS,162.56341542543237
ID_3ZJCQY95,167.0947800909007
ID_3ZRHXGGQ,163.90632591222564
ID_3ZYFJCRS,165.39213015241612
ID_40KE3QNQ,169.80837052495593
ID_40NVUXLN,164.73733329334155
ID_41DS3AHF,157.07775615535562
ID_41FEHYDD,163.64689090932657
ID_42DOVUA0,163.90632591222564
ID_42F9X5HR,160.48101944096337
ID_434XCEX8,162.52099501164784
ID_440HD3FF,161.15438529419674
ID_44L6TJ5D,161.09330566743836
ID_455UDMYF,163.64689090932657
ID_45C5OX5B,161.50036334289993
ID_45HE6HT1,161.50036334289993
ID_45O7C5QA,164.73733329334155
ID_4630L9TB,162.56341542543237
ID_4653O2U0,160.48101944096337
ID_477ZERKY,161.50036334289993
ID_47WJUHMF,164.04426364754116
ID_489FB2X8,163.90632591222564
ID_48GV1ZXC,161.50036334289993
ID_490IIXDG,161.50036334289993
ID_49Q3NGWH,165.74152361958897
ID_49UH8X66,158.37988011287797
ID_4A1P54Y2,165.74152361958897
ID_4AYH7JWC,161.50036334289993
ID_4BQOB2DS,168.51261338243808
ID_4C10BMQB,164.73733329334155
ID_4CVU44EG,164.73733329334155
ID_4DGFEQXC,158.37988011287797
ID_4DO5D454,161.09330566743836
ID_4DQJTWOJ,161.15438529419674
ID_4ECTK7A9,167.0947800909007
ID_4EJHOWI4,161.50036334289993
ID_4ELAOQLS,167.0947800909007
ID_4F04YEKE,170.50144017075633
ID_4F4FAJ9N,157.07775615535562
ID_4GH72NIN,164.73733329334155
ID_4H2HMSOO,164.73733329334155
ID_4I2Z24XV,171.25326653293118
ID_4IJRDQ8K,161.50036334289993
ID_4IT82JJU,161.50036334289993
ID_4IYK0UMZ,162.56341542543237
ID_4J6BXIZV,161.50036334289993
ID_4JGS98PL,161.50036334289993
ID_4K5ZD1NP,161.09330566743836
ID_4KFUVRF3,169.67043278964042
ID_4KSH57NB,163.90632591222564
ID_4LUSXK0I,158.37988011287797
ID_4LZ15HIW,161.50036334289993
ID_4MCZZMQF,161.50036334289993
ID_4MFEGSBQ,161.50036334289993
ID_4NSA4VJY,170.50144017075633
ID_4OCPO0HQ,169.80837052495593
ID_4OMTG07M,167.0947800909007
ID_4OS9WVF8,161.50036334289993
ID_4QCKU9RT,164.73733329334155
ID_4R3KN2LJ,165.4891596555164
ID_4RSBY27D,161.09330566743836
ID_4S8DBR32,161.50036334289993
ID_4SUYI847,158.37988011287797
ID_4T3IYORE,170.50144017075633
ID_4TCWGEE0,161.50036334289993
ID_4TTJ0K25,164.73733329334155
ID_4UC2JGOB,169.80837052495593
ID_4V42UD68,170.50144017075633
ID_4VIH2PPZ,158.37988011287797
ID_4VNKSU6Y,163.90632591222564
ID_4VXEG44D,161.09330566743836
ID_4WTUYM5O,164.04426364754116
ID_4X7NHPPR,161.50036334289993
ID_4X8LPU71,163.90632591222564
ID_4XDDT7QD,163.64689090932657
ID_4XQN8YIC,163.90632591222564
ID_4YVP1ETV,161.50036334289993
ID_4YZG3B8N,163.64689090932657
ID_4ZHISJPJ,161.50036334289993
ID_4ZT39VDM,161.50036334289993
ID_4ZZCLWM8,161.50036334289993
ID_510A6NIP,167.0947800909007
ID_51E7QI1F,161.50036334289993
ID_529DNAN1,157.21879162543655
ID_529GJO39,163.90632591222564
ID_52PL01BQ,162.56341542543237
ID_530RIOWP,157.07775615535562
ID_5356ITRG,157.07775615535562
ID_537JNUT2,164.73733329334155
ID_552N725O,163.64689090932657
ID_56BHLJ5J,165.39213015241612
ID_56UXT2QZ,169.67043278964042
ID_574BO8RH,161.50036334289993
ID_57CDAEBV,158.37988011287797
ID_57FFX610,160.48101944096337
ID_57XX1S09,163.90632591222564
ID_58OI8O3U,158.37988011287797
ID_598JAECU,164.04426364754116
ID_59AK1RUT,164.04426364754116
ID_59PN6C6V,158.37988011287797
ID_5AHXPG2D,164.73733329334155
ID_5B9LV1Z5,161.50036334289993
ID_5BFSE1V0,161.50036334289993
ID_5BYSD9YC,163.64689090932657
ID_5CP9DK4F,158.37988011287797
ID_5CQ42K5J,163.90632591222564
ID_5CZI4CG5,164.73733329334155
ID_5EVAPBR5,161.50036334289993
ID_5F6X52WM,164.73733329334155
ID_5FZ62LPU,158.85420750619787
ID_5G99K61B,161.50036334289993
ID_5GK630Y9,164.04426364754116
ID_5HDGX1LS,158.37988011287797
ID_5HSWKB40,163.64689090932657
ID_5I3TK3Y8,170.50144017075633
ID_5IEJ8CW4,163.90632591222564
ID_5ILOA0CI,161.09330566743836
ID_5IQAEQYT,161.50036334289993
ID_5IQH17QC,164.73733329334155
ID_5ITNCWUQ,161.50036334289993
ID_5K4OADR0,170.50144017075633
ID_5K4W4QIM,161.50036334289993
ID_5KBG7IAH,161.16555529275982
ID_5KLXFEAG,164.73733329334155
ID_5KOGEUVP,161.50036334289993
ID_5LKT6EUR,163.90632591222564
ID_5M8VJU4D,164.73733329334155
ID_5MS1IX99,159.278251113199
ID_5NNMKSUY,161.50036334289993
ID_5OEO17JF,164.04426364754116
ID_5OXPI8KY,163.90632591222564
ID_5P7P69CM,163.60594478490881
ID_5P99EC1K,164.04426364754116
ID_5PFZHUO1,169.80837052495593
ID_5QM93B6N,161.15438529419674
ID_5QY4C1U6,158.57298123015562
ID_5RJ2HJGL,158.37988011287797
ID_5SOKIM2F,161.50036334289993
ID_5SUBHAWO,164.73733329334155
ID_5SV7J7QU,163.90632591222564
ID_5SXJTX3A,170.50144017075633
ID_5TFAJIUE,161.15438529419674
ID_5TW534AJ,158.37988011287797
ID_5UPK756S,166.56405058824512
ID_5UZSQSV6,162.29187156941958
ID_5V6L01HO,164.73733329334155
ID_5VF8CXOY,164.60651638641545
ID_5VOVBK7F,170.50144017075633
ID_5WAMH3NR,161.50036334289993
ID_5WR6W455,165.74152361958897
ID_5XM9WVFA,165.39213015241612
ID_5YEYH8ZP,161.16555529275982
ID_5YPRX0TJ,163.60594478490881
ID_5ZL2XCEI,162.56341542543237
ID_5ZVD0RSM,158.37988011287797
ID_60QTOZGE,162.97376818902347
ID_60RSR86V,161.50036334289993
ID_6175TYV5,161.50036334289993
ID_633EJPUE,161.15438529419674
ID_6393H96W,164.73733329334155
ID_63S90YVY,170.50144017075633
ID_64FYZQ3M,161.15438529419674
ID_66GVFV9T,158.12546741074144
ID_67OZVGTH,164.73733329334155
ID_67QHVOKN,163.64689090932657
ID_68K2RBS0,164.73733329334155
ID_68YEYXX5,161.16555529275982
ID_69K6RDQ3,169.67043278964042
ID_6A3B1Z1X,161.15438529419674
ID_6A5CZCC1,164.04426364754116
ID_6ADH3FIB,163.64689090932657
ID_6AQR1SKR,161.16555529275982
ID_6ASVTMDV,170.50144017075633
ID_6AYEMUJ1,164.04426364754116
ID_6B5385DK,161.50036334289993
ID_6BDGZFYK,161.15438529419674
ID_6D09ZX0Z,165.6594410806983
ID_6DAMDMKY,163.90632591222564
ID_6E6I7PL2,164.73733329334155
ID_6E8K15WE,162.56341542543237
ID_6EG63EZA,164.73733329334155
ID_6EH22572,164.73733329334155
ID_6ES6O65U,161.16555529275982
ID_6EW8QURF,164.73733329334155
ID_6H549JDD,161.50036334289993
ID_6I39EPJG,161.16555529275982
ID_6I3AD1MI,161.50036334289993
ID_6IP3610D,161.15438529419674
ID_6IR5WXFK,166.56405058824512
ID_6IT79OAE,158.37988011287797
ID_6J3TMOH1,161.15438529419674
ID_6K3PEW5U,161.09330566743836
ID_6KAVSF6M,161.09330566743836
ID_6KC53QO8,169.80837052495593
ID_6KFMDAIK,161.50036334289993
ID_6LHD2SCH,158.37988011287797
ID_6LNSUEI5,161.09330566743836
ID_6M7C7SLD,161.09330566743836
ID_6MJPBA95,161.50036334289993
ID_6MV6TQFD,163.90632591222564
ID_6N8HGEA7,161.50036334289993
ID_6NPURJPD,164.04426364754116
ID_6NQ5UN1G,164.04426364754116
ID_6OP1B4AA,163.90632591222564
ID_6P2D5WUU,160.48101944096337
ID_6PPBFHBN,158.37988011287797
ID_6PQVISX4,162.97376818902347
ID_6R9Y3UV6,161.15438529419674
ID_6RDSYBHA,161.50036334289993
ID_6RKRJY8B,164.04426364754116
ID_6RX5TZEO,163.90632591222564
ID_6SC8ZXD1,170.50144017075633
ID_6SLMVOSC,161.15438529419674
ID_6T1BHYWO,157.93378652574015
ID_6T1IHJW6,163.90632591222564
ID_6T49DSCX,161.09330566743836
ID_6TH5KZ1A,165.18009936871297
ID_6UDY14FE,165.6594410806983
ID_6UTPSWJP,161.50036334289993
ID_6UU3S3RF,158.37988011287797
ID_6UWWELJJ,164.73733329334155
ID_6UZHWJAV,158.37988011287797
ID_6VCXOURO,167.0947800909007
ID_6VGNFEFP,158.37988011287797
ID_6VJM0NAO,158.37988011287797
ID_6WRAL1Q8,166.49180096292366
ID_6X9K7E81,169.67043278964042
ID_6XQNVMCK,156.98928357794247
ID_6XTF9OBK,163.64689090932657
ID_6XZDATCA,163.90632591222564
ID_6YK3LMKT,164.73733329334155
ID_6ZA3A3JU,163.60594478490881
ID_6ZBVHG3K,161.09330566743836
ID_6ZL73R15,167.91949030713315
ID_70CV9ED3,162.56341542543237
ID_71GJ6AKR,163.90632591222564
ID_71WC397G,163.90632591222564
ID_71YRQNFI,159.1990105253496
ID_72H1Z13H,168.51261338243808
ID_74BCRYCM,170.50144017075633
ID_752HZAHY,162.56341542543237
ID_756ID0UT,161.50036334289993
ID_758HJ73O,164.04426364754116
ID_75ZMHS4O,166.55288058968205
ID_77AR0A0Z,161.50036334289993
ID_78GWOH69,166.56405058824512
ID_78UV9T7F,161.50036334289993
ID_78W4ND75,161.50036334289993
ID_796TAXGE,157.07775615535562
ID_79QNTYQU,166.56405058824512
ID_79Z1YMDK,161.50036334289993
ID_7AWNX35B,165.87951473644867
ID_7BPQGTS5,163.90632591222564
ID_7BPSH83C,161.50036334289993
ID_7BXHW69B,161.50036334289993
ID_7C4HMK3B,168.51261338243808
ID_7CBNSTI3,162.56341542543237
ID_7CNIS8HW,161.50036334289993
ID_7DKHDU40,162.56341542543237
ID_7DRE9OJ8,161.50036334289993
ID_7EK4LZEM,161.50036334289993
ID_7EYFX6RT,163.90632591222564
ID_7FASZWP9,166.49180096292366
ID_7FSQMVI5,168.51261338243808
ID_7GBOXWT7,164.73733329334155
ID_7GFV00GB,161.50036334289993
ID_7GRUTKIJ,158.37988011287797
ID_7HZQWXZI,161.09330566743836
ID_7IDV0CMC,161.09330566743836
ID_7IU21M60,169.80837052495593
ID_7J3C5APA,161.50036334289993
ID_7JL3KQ0V,161.50036334289993
ID_7JN9K42C,168.51261338243808
ID_7KLBB6IL,161.50036334289993
ID_7LMU3MF7,158.37988011287797
ID_7LZN1OE3,161.50036334289993
ID_7MEKC84R,163.71137069494725
ID_7O75C493,166.55288058968205
ID_7P7E82WO,159.1990105253496
ID_7P8BW7D1,161.50036334289993
ID_7RC7VFIX,165.18009936871297
ID_7SIQJWX7,157.07775615535562
ID_7UMUOLKM,171.25326653293118
ID_7UNCH7IH,161.50036334289993
ID_7V38ML27,164.73733329334155
ID_7VCMIEEA,158.37988011287797
ID_7VQL5NEY,161.50036334289993
ID_7W5MQCZQ,163.90632591222564
ID_7W5ROULD,161.15438529419674
ID_7X24FWT2,164.04426364754116
ID_7XJR8V5H,163.90632591222564
ID_7ZDM5Y7L,161.15438529419674
ID_7ZE1QQ8M,161.50036334289993
ID_7ZI2DP2G,163.90632591222564
ID_7ZNS057N,163.90632591222564
ID_7ZZEPTWN,161.16555529275982
ID_80PE1V8K,164.73733329334155
ID_80QBAO9G,161.50036334289993
ID_80UVYUAG,157.07775615535562
ID_80XJS78B,164.73733329334155
ID_8186MKOP,158.37988011287797
ID_81F9439R,166.55288058968205
ID_81WNHQZV,161.09330566743836
ID_86CYG4ST,166.49180096292366
ID_86VROQ4O,169.67043278964042
ID_86VWHAWL,161.50036334289993
ID_87FV6JOA,161.50036334289993
ID_8804P92M,164.04426364754116
ID_88ZCMBJN,161.50036334289993
ID_8AC3BT6J,161.50036334289993
ID_8AKAD0S7,163.90632591222564
ID_8ANW5D1B,167.40750687553628
ID_8AXM87PI,161.50036334289993
ID_8BDKOKQ1,169.24130765732735
ID_8C8PUSQ6,161.15438529419674
ID_8CDUMYKK,161.50036334289993
ID_8D18DIWL,158.76439215067865
ID_8D46CWAL,163.90632591222564
ID_8D5O7GPV,170.50144017075633
ID_8DBFEEPU,163.90632591222564
ID_8DGWD8B3,170.50144017075633
ID_8DQJ63Q8,161.50036334289993
ID_8E2F6LYD,161.50036334289993
ID_8E6Z6LBQ,161.50036334289993
ID_8G2MTZA0,161.50036334289993
ID_8GJ5V035,170.50144017075633
ID_8HS5TNNQ,167.0947800909007
ID_8HSAU8HH,161.50036334289993
ID_8ID54OFW,163.90632591222564
ID_8IUTLOEO,158.37988011287797
ID_8JQXQVCA,162.52099501164784
ID_8K0D5YCX,161.15438529419674
ID_8K2IXS0R,164.04426364754116
ID_8KCIWIU7,158.37988011287797
ID_8KKGEHZW,163.60594478490881
ID_8KPYZO1X,163.64689090932657
ID_8KUUBFNL,161.09330566743836
ID_8KZOLEEL,155.91684094565517
ID_8MA7F0L5,161.50036334289993
ID_8MLUEWTS,161.16555529275982
ID_8MMPKOKC,162.97376818902347
ID_8N1CC8OB,164.04426364754116
ID_8NBGYK8C,158.37988011287797
ID_8O8O8MDK,161.01293166593996
ID_8OCCE1H6,163.64689090932657
ID_8PSM2Z66,161.01293166593996
ID_8RVH2F30,161.16555529275982
ID_8SXQBPKC,165.39213015241612
ID_8TMRPQA9,158.76439215067865
ID_8U1BKM0S,162.29187156941958
ID_8URYOXBP,162.29187156941958
ID_8UVA2J1L,162.56341542543237
ID_8VE67PZL,161.50036334289993
ID_8VMT8KM2,163.90632591222564
ID_8W25LBZR,165.6594410806983
ID_8WV75U9W,160.48101944096337
ID_8WXWY0J7,161.50036334289993
ID_8XMEHM5U,161.50036334289993
ID_8Z8A2HWI,161.50036334289993
ID_8ZGH06PN,161.09330566743836
ID_91X7ZMRL,162.29187156941958
ID_92YJ0M75,164.73733329334155
ID_930WZ4DS,161.01293166593996
ID_93A3JF3Z,161.16555529275982
ID_93G00NDF,161.09330566743836
ID_93GDMHSP,165.74152361958897
ID_943FXHXK,164.73733329334155
ID_958QN3A5,164.73733329334155
ID_95NFWN7M,164.73733329334155
ID_966U3YQ9,165.6594410806983
ID_969IHOWA,158.37988011287797
ID_972W6HDI,165.6594410806983
ID_97IPWB23,159.60000931420836
ID_97M8JWKO,161.15438529419674
ID_983HG20M,164.73733329334155
ID_988D805Z,158.37988011287797
ID_98K1AC7Q,164.73733329334155
ID_99D9BXFY,161.50036334289993
ID_9AY3WR11,161.50036334289993
ID_9B3P3M7N,168.05597844683436
ID_9B5YZC19,163.64689090932657
ID_9C681D93,158.37988011287797
ID_9C9OESHO,167.0947800909007
ID_9CJTNE9A,163.90632591222564
ID_9D3OPYIB,162.52099501164784
ID_9DSX36AE,164.73733329334155
ID_9EEGWJ9S,162.56341542543237
ID_9F34EYLC,168.15783217343315
ID_9FD1MOCL,161.16555529275982
ID_9FEDEAQ3,164.73733329334155
ID_9H4O06JF,164.73733329334155
ID_9IDXFO1P,165.6594410806983
ID_9IMAN9U7,167.0947800909007
ID_9J12CH1W,163.90632591222564
ID_9JKFYWYP,166.55288058968205
ID_9JNHGHBL,161.16555529275982
ID_9K5H4FND,161.15438529419674
ID_9KAD41AA,161.01293166593996
ID_9KG85A98,159.1779428401296
ID_9L3X3VD3,161.50036334289993
ID_9LMWIL2R,158.37988011287797
ID_9LZR6JIJ,161.50036334289993
ID_9N7TBZCZ,158.37988011287797
ID_9NWONPTC,158.37988011287797
ID_9O7TKH3S,165.6594410806983
ID_9OXLC0FR,163.90632591222564
ID_9P0YNTT8,158.85420750619787
ID_9PLQ0JTR,163.90632591222564
ID_9Q2QJVJV,163.90632591222564
ID_9QF714VE,165.6594410806983
ID_9RA5N5L6,161.50036334289993
ID_9REMC6IE,161.50036334289993
ID_9RI4EYJQ,161.50036334289993
ID_9RI8RU92,160.48101944096337
ID_9RMI4VEW,164.04426364754116
ID_9SLFVA7Y,161.15438529419674
ID_9T2ACJCH,164.73733329334155
ID_9T4JF3C4,163.90632591222564
ID_9UM1VWYJ,169.67043278964042
ID_9UO3Z8J7,166.55288058968205
ID_9V68YQ5B,160.48101944096337
ID_9VQTJDAZ,163.64689090932657
ID_9VXW3N0I,157.56751034295453
ID_9W8ESKIL,163.90632591222564
ID_9W9CO2R4,166.56405058824512
ID_9WXSTTJH,161.50036334289993
ID_9X7KZSP0,167.0947800909007
ID_9XF5SCXG,164.04426364754116
ID_9XGIBZKO,168.51261338243808
ID_9YJUCTJF,166.49180096292366
ID_9YW588G2,170.50144017075633
ID_9YXUAGPE,161.50036334289993
ID_9ZNBFEYT,161.15438529419674
ID_9ZQXE9N7,158.37988011287797
ID_A00GKA33,164.04426364754116
ID_A0IE9XQK,161.16555529275982
ID_A17CN5LE,164.73733329334155
ID_A1KSNA1X,164.04426364754116
ID_A1L76T5X,163.90632591222564
ID_A2QXVSGK,164.73733329334155
ID_A3PGDVBZ,161.15438529419674
ID_A4MO1L9U,161.09330566743836
ID_A4XGZYJP,162.97376818902347
ID_A5IWMB3W,161.50036334289993
ID_A6134LBY,165.6594410806983
ID_A68SQRD1,161.50036334289993
ID_A69L09MP,168.05597844683436
ID_A6J5N3IZ,161.50036334289993
ID_A7GA0ECI,165.39213015241612
ID_A7LISWBC,170.50144017075633
ID_A7ZK4EGJ,161.50036334289993
ID_A801JX7R,163.90632591222564
ID_A807FC01,164.04426364754116
ID_A85TZALY,161.50036334289993
ID_A8AW2CYT,164.73733329334155
ID_A8KED66X,161.50036334289993
ID_A8LUHFSX,164.04426364754116
ID_A8WAHGO0,167.0947800909007
ID_A9CE0L0M,163.90632591222564
ID_AA6DDHNN,161.50036334289993
ID_AA7FHDPW,161.50036334289993
ID_AA80IO0F,161.16555529275982
ID_AAJLA86R,161.50036334289993
ID_AAUCTXSZ,161.15438529419674
ID_AB0AD9QH,165.6594410806983
ID_ABDJXIS9,167.0947800909007
ID_ABJTPKOB,164.73733329334155
ID_ABX3XDAJ,161.50036334289993
ID_AC71VOPR,169.30578744294803
ID_ACDQH6Z4,169.80837052495593
ID_ACJ1MPLU,158.37988011287797
ID_ACLJHSAW,161.16555529275982
ID_ACLLXQJ9,164.73733329334155
ID_ACLPYC4V,161.50036334289993
ID_ACPOQYP3,164.73733329334155
ID_ADFIF6EM,163.90632591222564
ID_ADSPN5T8,161.50036334289993
ID_AE48M8Q2,161.50036334289993
ID_AE6LCM8W,168.51261338243808
ID_AEEVDDWD,169.67043278964042
ID_AEHPLVQ4,164.04426364754116
ID_AFQTKB06,171.42354795811306
ID_AFRKVKT0,170.50144017075633
ID_AG3R0FRS,161.15438529419674
ID_AGB11M2O,161.50036334289993
ID_AGIYNNBF,161.50036334289993
ID_AHVD4SMM,164.73733329334155
ID_AHVEIGW8,169.24130765732735
ID_AIRM119P,161.09330566743836
ID_AKMZETST,161.50036334289993
ID_AKNFCUAP,158.37988011287797
ID_AKT4MMCX,163.71137069494725
ID_ALHTCI7W,165.6594410806983
ID_ALTMJLLL,164.04426364754116
ID_AMQGYLUA,163.90632591222564
ID_AMWCEFJK,161.50036334289993
ID_ANPJQPSM,161.15438529419674
ID_AOA02TVK,161.50036334289993
ID_AP0GBEGS,158.37988011287797
ID_AP5EEJP6,158.37988011287797
ID_APB9LM2F,164.73733329334155
ID_AQ72ASA2,168.51261338243808
ID_AQV1MILW,165.6594410806983
ID_ARCZJ7LV,161.09330566743836
ID_ARFS6FC6,161.50036334289993
ID_AS80EYCB,161.50036334289993
ID_AT599IDR,161.15438529419674
ID_ATABX1BO,167.0947800909007
ID_AUSI1ZKC,162.56341542543237
ID_AVO0LN3T,163.90632591222564
ID_AVRVCE6W,165.39213015241612
ID_AVTNEK8U,164.73733329334155
ID_AWPO9TJ7,164.04426364754116
ID_AX3SFEIV,164.04426364754116
ID_AX9AIA0W,158.37988011287797
ID_AXDW01XL,167.0947800909007
ID_AXSVCZCU,164.73733329334155
ID_AXYDSHAB,163.90632591222564
ID_AY154AVY,161.16555529275982
ID_AYK47GYZ,157.07775615535562
ID_AYUUOSU0,161.50036334289993
ID_AZ7MLFSA,161.50036334289993
ID_AZPQ1876,163.90632591222564
ID_AZTMOL7R,163.90632591222564
ID_B0GCOUE6,168.51261338243808
ID_B0JMWT38,157.07775615535562
ID_B0LW4J4M,161.15438529419674
ID_B1BWPHVL,164.73733329334155
ID_B1FE6QFP,167.0947800909007
ID_B1TH6MYB,158.37988011287797
ID_B2D58NB3,161.50036334289993
ID_B2EEWYR7,166.56405058824512
ID_B3DGZLRA,161.09330566743836
ID_B4J4EKED,166.55288058968205
ID_B4RMGJCX,160.48101944096337
ID_B4VKZF7E,161.09330566743836
ID_B56SDOAK,164.04426364754116
ID_B5GNSQZH,161.50036334289993
ID_B5V7Q616,164.73733329334155
ID_B6AVK128,161.50036334289993
ID_B6IK9CA1,164.73733329334155
ID_B7N9TQ0N,163.71137069494725
ID_B7Y1JNW0,161.50036334289993
ID_B80JJBX1,164.04426364754116
ID_B8JYFESQ,161.50036334289993
ID_B8YEQQTF,169.3700516623236
ID_BA3QCTFL,170.50144017075633
ID_BA4FJTO2,161.15438529419674
ID_BA91O1F9,159.1779428401296
ID_BBRD114G,170.50144017075633
ID_BD3QDDLC,164.04426364754116
ID_BD4HB5D9,164.04426364754116
ID_BD8GTRWK,164.04426364754116
ID_BDDZJW98,161.16555529275982
ID_BEBXP78Y,164.73733329334155
ID_BEHPIJ4Z,166.56405058824512
ID_BF3ONF9P,170.50144017075633
ID_BFBO99WO,162.56341542543237
ID_BG5DMYP2,170.50144017075633
ID_BG8PTWIO,158.37988011287797
ID_BH07HPA2,161.50036334289993
ID_BH8KZEW9,161.50036334289993
ID_BHVTNVMP,161.50036334289993
ID_BI4CMGXW,163.90632591222564
ID_BI7Q9F9N,161.50036334289993
ID_BIP5AVPE,165.4891596555164
ID_BITUMZF9,164.73733329334155
ID_BJEVM63D,164.73733329334155
ID_BKUZPC2N,163.90632591222564
ID_BM0CQ743,165.39213015241612
ID_BM0O1SRJ,167.0947800909007
ID_BMEG07OJ,169.80837052495593
ID_BMXFFF7F,167.0947800909007
ID_BO8TFQA3,164.73733329334155
ID_BQOG61QT,158.37988011287797
ID_BQPE87DK,161.50036334289993
ID_BQRO3WKH,165.74152361958897
ID_BTV8QZTE,163.90632591222564
ID_BU27MC1V,159.1990105253496
ID_BW07XF1S,170.50144017075633
ID_BWCUQWKZ,169.67043278964042
ID_BWP97BW6,158.37988011287797
ID_BWPM1I8G,165.39213015241612
ID_BX9Z8VAS,162.00901158005098
ID_BXPG5GO7,158.37988011287797
ID_BXRSX7X8,161.50036334289993
ID_BZ9JPZUU,161.50036334289993
ID_BZN5U7BZ,161.09330566743836
ID_BZNQSL7H,161.50036334289993
ID_C03RI6BW,166.56405058824512
ID_C0EM46U9,158.37988011287797
ID_C0RZ4RMI,165.6594410806983
ID_C1728Q13,164.73733329334155
ID_C2K7Q35W,158.37988011287797
ID_C2MXRN6W,161.09330566743836
ID_C2VB8KW7,170.50144017075633
ID_C3C1W71B,165.6594410806983
ID_C3L7ASNO,170.50144017075633
ID_C3QPFRZF,161.50036334289993
ID_C4PP02JH,163.90632591222564
ID_C4S29YBT,161.15438529419674
ID_C4Z36HUQ,164.73733329334155
ID_C59OZBMU,169.67043278964042
ID_C68UCKNB,162.56341542543237
ID_C6NYO8M6,161.50036334289993
ID_C6S6ON9D,162.56341542543237
ID_C6W53NLB,161.50036334289993
ID_C75JTI4K,158.37988011287797
ID_CB4DTYNW,161.50036334289993
ID_CBG4LQP2,161.50036334289993
ID_CBGPUNPA,159.20802109093015
ID_CBMBF1KI,158.37988011287797
ID_CBT32IHX,161.50036334289993
ID_CCXII2GA,161.50036334289993
ID_CD98MAEM,160.48101944096337
ID_CDS4CISG,164.04426364754116
ID_CE6TRA83,165.6594410806983
ID_CE7U1WZU,167.0947800909007
ID_CF8OB9YK,161.50036334289993
ID_CFCG35QO,170.50144017075633
ID_CFDPI8GD,157.07775615535562
ID_CFVZ8OWK,158.37988011287797
ID_CFWP7C4D,166.55288058968205
ID_CFZLTJ9W,164.73733329334155
ID_CGF61REW,163.90632591222564
ID_CGOOC5IR,161.15438529419674
ID_CHOCRE07,161.09330566743836
ID_CHOEUJKS,165.74152361958897
ID_CHZM7C9B,164.73733329334155
ID_CIBV8L8M,164.73733329334155
ID_CJVQDDAX,164.73733329334155
ID_CKQOQW34,161.09330566743836
ID_CL30NZPD,163.90632591222564
ID_CL3PB4XX,163.71137069494725
ID_CMFZM82J,161.50036334289993
ID_CMNXXTBG,164.04426364754116
ID_CNC5H21T,163.90632591222564
ID_CNDHJHNG,167.0947800909007
ID_CO8KBQF8,161.15438529419674
ID_COFGUML4,159.1779428401296
ID_CPNPR6IX,164.04426364754116
ID_CQD3O3N0,161.50036334289993
ID_CQKRRRXP,164.73733329334155
ID_CQUG40ZS,163.90632591222564
ID_CQZWN57H,169.67043278964042
ID_CR0SFTSP,157.07775615535562
ID_CS2GTYKI,162.56341542543237
ID_CSPTD082,161.50036334289993
ID_CT903NJV,161.50036334289993
ID_CTMFOY6A,164.73733329334155
ID_CU2F1U1R,161.09330566743836
ID_CU2Q8290,163.90632591222564
ID_CU9SYN23,170.50144017075633
ID_CV2CTWSW,169.67043278964042
ID_CVC5VTE0,159.1990105253496
ID_CVCUYB64,164.04426364754116
ID_CVICPIUI,161.50036334289993
ID_CVYCIQN9,170.50144017075633
ID_CVZ8OVNN,164.73733329334155
ID_CX6C141F,167.40750687553628
ID_CXT63ZXB,164.04426364754116
ID_CY3UEMZ7,168.15783217343315
ID_CZZ3BVJY,162.56341542543237
ID_D27FGDS4,161.50036334289993
ID_D2HM9VV4,161.15438529419674
ID_D30GK0QW,161.15438529419674
ID_D36Z9V1V,161.16555529275982
ID_D3DRF5PS,162.56341542543237
ID_D3GJPFHB,159.20802109093015
ID_D41P9F5M,161.50036334289993
ID_D4X1810P,162.29187156941958
ID_D54A6J6H,161.09330566743836
ID_D56KYNK6,155.91684094565517
ID_D5PRR2J4,161.50036334289993
ID_D73R0OIF,162.00901158005098
ID_D7D4R30X,161.50036334289993
ID_D7W2TF8T,161.50036334289993
ID_D88KE810,164.73733329334155
ID_D8EIM7JJ,161.50036334289993
ID_D8KY48AL,159.278251113199
ID_D988TX86,164.73733329334155
ID_D9MX1T14,164.73733329334155
ID_DA5DUJNP,164.73733329334155
ID_DA65XFD5,163.90632591222564
ID_DASV7ERY,165.87951473644867
ID_DCBK0F8E,164.73733329334155
ID_DCEIMDQ9,164.73733329334155
ID_DCXXN1OB,164.73733329334155
ID_DE3QTNLN,161.50036334289993
ID_DE3UB4KF,159.1990105253496
ID_DE5ONRVJ,170.50144017075633
ID_DEDX4TN3,161.50036334289993
ID_DEPF1MSS,169.67043278964042
ID_DFXKPLD8,167.0947800909007
ID_DG1AXLVH,161.15438529419674
ID_DGJRTB6A,170.50144017075633
ID_DGXU6OZ0,158.76439215067865
ID_DHK42JE2,163.90632591222564
ID_DHO9ZVK0,162.56341542543237
ID_DI60H15I,161.50036334289993
ID_DIR1X0KZ,158.37988011287797
ID_DIX6RG3V,161.50036334289993
ID_DJIC4I6G,159.20802109093015
ID_DK1VUM89,165.39213015241612
ID_DKUU6UT1,164.73733329334155
ID_DLBAWZP0,161.15438529419674
ID_DLBQGI3W,161.50036334289993
ID_DLGJ1IB0,164.73733329334155
ID_DLOM2W57,161.50036334289993
ID_DM7VHZLX,161.50036334289993
ID_DNEFMO3A,161.50036334289993
ID_DNFUYM0Z,164.04426364754116
ID_DNX6TIM2,166.55288058968205
ID_DOFGIZ8C,159.1990105253496
ID_DONCLYNI,163.90632591222564
ID_DPJ1F8B9,157.93378652574015
ID_DQ87BEZP,163.90632591222564
ID_DSB0NZ7R,161.15438529419674
ID_DSB89IZ8,162.56341542543237
ID_DSG1N2YL,161.09330566743836
ID_DSZ6GG9Z,169.67043278964042
ID_DTRKWCTK,158.37988011287797
ID_DUJQ8214,166.49180096292366
ID_DV0U7X5V,161.09330566743836
ID_DV6I65IK,164.04426364754116
ID_DVSV9M4T,162.56341542543237
ID_DWBSV0J2,164.73733329334155
ID_DWBT9QG2,161.50036334289993
ID_DWHXMS0P,161.50036334289993
ID_DX4LF9E8,161.50036334289993
ID_DXL5LRRW,161.50036334289993
ID_DXTFL2W7,159.20802109093015
ID_DY0OSFCA,161.50036334289993
ID_DYGGVJEG,158.37988011287797
ID_DZ0PJW9B,158.37988011287797
ID_DZ0UNZPQ,161.15438529419674
ID_DZDKZHPE,163.90632591222564
ID_DZMEDKQ0,164.73733329334155
ID_E0JE5JBA,163.90632591222564
ID_E0RTY1Z3,161.15438529419674
ID_E1E9QI66,164.73733329334155
ID_E2ESTYUH,161.15438529419674
ID_E2RD3O2A,163.90632591222564
ID_E4VB6GLR,161.09330566743836
ID_E51LRYNG,163.90632591222564
ID_E5VMU8UD,161.09330566743836
ID_E66XCP7H,163.64689090932657
ID_E6IVDQKF,158.37988011287797
ID_E733Q1T3,163.90632591222564
ID_E737J0RP,159.1990105253496
ID_E7CHSAJP,161.50036334289993
ID_E7QDBOCN,164.73733329334155
ID_E82RPSTT,161.50036334289993
ID_E8FP7U2F,161.15438529419674
ID_E9A6T0EW,161.50036334289993
ID_E9F2SMY7,159.1990105253496
ID_E9QGS223,159.20802109093015
ID_EA1J50MG,161.50036334289993
ID_EAB8SGRP,169.80837052495593
ID_EBQNNBM2,164.73733329334155
ID_EDK38T01,164.04426364754116
ID_EE3WWGH5,164.73733329334155
ID_EED1CJLV,163.60594478490881
ID_EFC82UUK,161.50036334289993
ID_EGZVWMD8,161.09330566743836
ID_EHNN3BCU,164.73733329334155
ID_EHR2A25H,161.15438529419674
ID_EIGOXE0N,166.55288058968205
ID_EIIZ7UOW,166.49180096292366
ID_EJ6R0EQY,170.50144017075633
ID_EJ9BIF85,169.67043278964042
ID_EJJIT6NO,164.60651638641545
ID_EJMJ2CUE,161.15438529419674
ID_EKOTE515,170.50144017075633
ID_EKUEEAIV,164.73733329334155
ID_EL99Y5W8,161.50036334289993
ID_EM5N4TY5,169.80837052495593
ID_EN9VA13P,161.50036334289993
ID_ENGIDFFJ,163.64689090932657
ID_ENM87E47,163.90632591222564
ID_ENP4E816,163.90632591222564
ID_EOF5OU2J,158.76439215067865
ID_EP6Y7VIL,162.56341542543237
ID_EPR9PXFL,161.50036334289993
ID_EQ4CCP8K,169.67043278964042
ID_EQ83ESMJ,161.09330566743836
ID_EQVUNQOX,161.50036334289993
ID_ER337S3D,162.56341542543237
ID_ER4BZPJ2,161.09330566743836
ID_ER9NCWPF,164.04426364754116
ID_ERPR4ECC,158.37988011287797
ID_ERX3UFKL,161.09330566743836
ID_ES17IHPY,161.50036334289993
ID_ES9BE7OV,159.60000931420836
ID_ETMS3H2Q,169.24130765732735
ID_ETVI0YS4,159.1779428401296
ID_EUPGE6LM,161.50036334289993
ID_EV2JIZIF,162.56341542543237
ID_EV9JEVNA,163.90632591222564
ID_EVEQI9T1,170.50144017075633
ID_EVOU1S58,163.90632591222564
ID_EVTFT0M0,159.1990105253496
ID_EW3QVN7L,168.51261338243808
ID_EWVYP4VC,161.01293166593996
ID_EXQAIY23,163.90632591222564
ID_EXQHF4BG,161.16555529275982
ID_EXSXUU3Y,159.1779428401296
ID_EYXNQHDC,170.50144017075633
ID_EZ6LLUC6,164.73733329334155
ID_EZMCSFV6,164.73733329334155
ID_EZTKESTY,167.0947800909007
ID_F0JRFDOI,162.56341542543237
ID_F0KMJI3F,163.90632591222564
ID_F2KYS5JV,170.50144017075633
ID_F2RDM90F,170.50144017075633
ID_F3MIP4CD,161.09330566743836
ID_F3MZ4CNP,159.20802109093015
ID_F3VHHWPF,171.50563049700375
ID_F41PBX6P,163.64689090932657
ID_F4PWGW5L,161.15438529419674
ID_F4QNEII7,163.90632591222564
ID_F4XI47RU,161.16555529275982
ID_F570F362,159.278251113199
ID_F5BN0LNV,163.90632591222564
ID_F5Q2FD14,159.1779428401296
ID_F5U2TIRG,170.50144017075633
ID_F6NDRX1U,164.04426364754116
ID_F7EQONFX,166.55288058968205
ID_F7F1HUIM,162.56341542543237
ID_F7XB9OEO,159.20802109093015
ID_F8644Z6Q,161.50036334289993
ID_F8YCUILN,161.50036334289993
ID_F96U4P8F,161.50036334289993
ID_F9V18241,161.50036334289993
ID_FA09P5Z2,158.37988011287797
ID_FAQO7OQC,161.50036334289993
ID_FB8I06B5,161.50036334289993
ID_FBLCB9SK,162.56341542543237
ID_FBOMUOAR,161.15438529419674
ID_FC5SXJQJ,164.04426364754116
ID_FD56ENNN,169.67043278964042
ID_FDOWNDFY,164.04426364754116
ID_FDSUV52I,161.15438529419674
ID_FFC9OP06,164.73733329334155
ID_FGF0F4IW,158.37988011287797
ID_FGKW949M,164.04426364754116
ID_FGYVPHXX,158.76439215067865
ID_FHAOH1J5,168.51261338243808
ID_FHLKLKHU,163.64689090932657
ID_FHZ3WZUT,165.39213015241612
ID_FI5IIULX,167.0947800909007
ID_FIUE720J,161.50036334289993
ID_FIZTO1ZL,165.6594410806983
ID_FK1CZY49,158.37988011287797
ID_FKKH08GC,167.0947800909007
ID_FLALV0QW,161.50036334289993
ID_FLARVR65,170.50144017075633
ID_FLZIWXDD,165.74152361958897
ID_FLZS7EYR,161.16555529275982
ID_FMBFVKH4,164.73733329334155
ID_FMWLQH47,161.50036334289993
ID_FND3SUEN,158.12546741074144
ID_FNK3U7N0,161.15438529419674
ID_FOK98J7U,163.90632591222564
ID_FOVE3ZWZ,164.73733329334155
ID_FOVH0PRU,167.0947800909007
ID_FPPSHGGI,164.04426364754116
ID_FQE9SVFV,166.55288058968205
ID_FQKP0P6T,164.73733329334155
ID_FQNYXAJ5,159.60000931420836
ID_FQPPAY9S,170.50144017075633
ID_FSWARE1Y,169.24130765732735
ID_FT9P4JG5,171.42354795811306
ID_FTQH7E7L,163.90632591222564
ID_FTY68DW3,170.50144017075633
ID_FU49K7VD,164.73733329334155
ID_FV2P18OH,161.50036334289993
ID_FV2VCKSF,164.04426364754116
ID_FVB2UI7Y,162.56341542543237
ID_FVJ6E3IT,161.09330566743836
ID_FXYTI8FX,161.50036334289993
ID_FZBOL8JP,170.50144017075633
ID_FZTX5TBK,164.73733329334155
ID_FZUYBZLL,164.73733329334155
ID_G02J5H0J,163.90632591222564
ID_G0OSMYP4,163.90632591222564
ID_G0QLVSOH,169.67043278964042
ID_G0TAKFJW,157.93378652574015
ID_G0WNM0E4,161.50036334289993
ID_G29CDCIG,164.73733329334155
ID_G3EIME5A,164.04426364754116
ID_G3GIZGDH,164.73733329334155
ID_G3TYC2BG,164.73733329334155
ID_G4BXY0KO,159.278251113199
ID_G4TDGBTK,157.93378652574015
ID_G4UDYGEJ,168.51261338243808
ID_G5AXCD33,162.29187156941958
ID_G5DEV1QP,161.50036334289993
ID_G5HNPS0J,168.51261338243808
ID_G5RGMRRT,161.50036334289993
ID_G66HIYVP,164.73733329334155
ID_G6EU6FSH,161.50036334289993
ID_G7LB5XTD,164.73733329334155
ID_G88WHO77,161.16555529275982
ID_G8AQWSZM,158.76439215067865
ID_G9A41BHN,166.55288058968205
ID_G9N4U4NF,162.52099501164784
ID_G9SUWUFJ,163.90632591222564
ID_G9ZKK340,158.37988011287797
ID_GAJML6IY,161.01293166593996
ID_GASZBS50,164.73733329334155
ID_GATL9EK3,164.73733329334155
ID_GATOMND3,169.30578744294803
ID_GD0E479P,161.50036334289993
ID_GD4C5Q1S,163.64689090932657
ID_GDOMIUQX,166.55288058968205
ID_GER5XBZ8,163.71137069494725
ID_GF3SRN1Z,158.37988011287797
ID_GFWOWWZ5,161.09330566743836
ID_GG3QXNYU,161.50036334289993
ID_GICMGSG5,159.278251113199
ID_GJ2CSTTJ,159.91705217443695
ID_GJ8ES7J9,158.37988011287797
ID_GJGH1Z8N,158.37988011287797
ID_GK2YWAHI,159.1990105253496
ID_GKRTVQ1A,159.1990105253496
ID_GKSM6UHH,163.90632591222564
ID_GKWTHZ9T,164.04426364754116
ID_GMNCWKVX,164.73733329334155
ID_GN9JDKU7,161.09330566743836
ID_GNP54RU8,164.04426364754116
ID_GNT4V8XT,158.37988011287797
ID_GNVRX9KC,161.50036334289993
ID_GNXCHPJ0,161.09330566743836
ID_GOAMWIPP,162.6028432508746
ID_GOOW7WOJ,166.55288058968205
ID_GQ07O387,162.97376818902347
ID_GQNH1ZM3,164.73733329334155
ID_GQNQ57HN,158.37988011287797
ID_GQSL49PP,164.04426364754116
ID_GRK1P9C8,170.50144017075633
ID_GSD8PZXI,167.0947800909007
ID_GSGQL2NT,163.90632591222564
ID_GSMBUEBZ,157.93378652574015
ID_GTLPJ8RW,159.278251113199
ID_GTOVGODL,161.50036334289993
ID_GUIOS9I9,163.90632591222564
ID_GUKQ4EDW,161.16555529275982
ID_GUYORI6Q,168.15783217343315
ID_GVIDS86A,160.48101944096337
ID_GVL2CGXE,163.60594478490881
ID_GVYW4F7I,161.50036334289993
ID_GWMQ0MAI,170.50144017075633
ID_GWMXOGWJ,158.76439215067865
ID_GWR66WLW,163.90632591222564
ID_GWRBPIDR,159.278251113199
ID_GWX6P529,164.04426364754116
ID_GX96CSPT,168.15783217343315
ID_GXS0QKEZ,161.09330566743836
ID_GXYDGT08,161.50036334289993
ID_GY7O2P5E,161.50036334289993
ID_GZBYQN48,162.00901158005098
ID_GZHQ6QML,166.8343536776792
ID_H0ZDIXA4,161.50036334289993
ID_H1AW2G1C,164.04426364754116
ID_H26R5BZ0,165.6594410806983
ID_H2UHRS4D,161.50036334289993
ID_H2XG46HW,166.49180096292366
ID_H3QNLOOB,164.73733329334155
ID_H3SBQK4E,158.37988011287797
ID_H3YE3ST9,161.50036334289993
ID_H59E5LJG,163.90632591222564
ID_H5I3IPJQ,168.51261338243808
ID_H5O10X2X,162.56341542543237
ID_H5P9JVDC,163.90632591222564
ID_H5V0N58M,161.15438529419674
ID_H7N6XXDN,161.50036334289993
ID_H83Z39HV,164.73733329334155
ID_H867GNF8,164.73733329334155
ID_H8J8ND9X,161.15438529419674
ID_H9LD6PMW,161.50036334289993
ID_H9T48H4L,158.37988011287797
ID_HAOX18EK,161.50036334289993
ID_HAPX71NZ,159.1779428401296
ID_HAYU94QL,164.73733329334155
ID_HAZ0IO9E,169.80837052495593
ID_HB3G1L7B,163.90632591222564
ID_HB5LYSQB,161.50036334289993
ID_HCN3SQHE,161.01293166593996
ID_HCTJVTE9,161.50036334289993
ID_HCVOTL5O,163.90632591222564
ID_HD8K1W4I,163.60594478490881
ID_HEUKGM16,161.50036334289993
ID_HFVHWX5G,163.90632591222564
ID_HG2579UF,164.73733329334155
ID_HGTKMAOK,162.56341542543237
ID_HHCEJDLK,164.73733329334155
ID_HHQC6R1Y,161.09330566743836
ID_HIH527AE,161.15438529419674
ID_HIQ7NRBF,161.50036334289993
ID_HJRXWP4L,161.50036334289993
ID_HK3OODWD,170.50144017075633
ID_HK9J0MDE,161.50036334289993
ID_HKBAJK6O,162.97376818902347
ID_HLDWLLX9,164.73733329334155
ID_HM1TP33Y,158.37988011287797
ID_HMDR1FK6,158.37988011287797
ID_HNEFJ88A,161.15438529419674
ID_HP7PH19Z,161.09330566743836
ID_HPGQIBUX,164.04426364754116
ID_HRWIGYMR,164.73733329334155
ID_HS49J2O9,161.50036334289993
ID_HS901HXD,163.90632591222564
ID_HSA0BPO6,163.90632591222564
ID_HSQI3VDH,163.71137069494725
ID_HTHN90QJ,161.50036334289993
ID_HTZWV1JU,161.16555529275982
ID_HU9QNRW9,164.04426364754116
ID_HUB5Q83N,163.90632591222564
ID_HUI4BP63,163.64689090932657
ID_HV6LZZGF,161.50036334289993
ID_HV6MD9YV,164.73733329334155
ID_HV6MJ1FE,164.04426364754116
ID_HVU7XCPN,165.18009936871297
ID_HWJU0KP3,163.64689090932657
ID_HXAE1B1L,161.50036334289993
ID_HXIRMZ28,161.15438529419674
ID_HXRQ9FOV,158.12546741074144
ID_HY0TRLE9,171.42354795811306
ID_HYEJIS81,164.73733329334155
ID_I0GI5BPC,164.73733329334155
ID_I0S0EICU,161.50036334289993
ID_I0WBDDHL,161.50036334289993
ID_I0YWSWTH,161.16555529275982
ID_I26MIO7U,168.56818493702426
ID_I270DW96,161.50036334289993
ID_I2J3A1U1,164.73733329334155
ID_I33RW6EL,168.51261338243808
ID_I3AK2WQM,163.90632591222564
ID_I3FSOGQ2,165.6594410806983
ID_I4MEMECS,167.0947800909007
ID_I5P6QF02,161.50036334289993
ID_I5R25XV3,164.73733329334155
ID_I63RJUTG,163.90632591222564
ID_I6LQ1GWK,166.21126056488774
ID_I6Y4G0DU,165.74152361958897
ID_I7R7GV78,159.1990105253496
ID_I7TZSPC1,161.50036334289993
ID_I8JOEW19,162.56341542543237
ID_I91PD94Y,168.56818493702426
ID_I97BHIEH,164.73733329334155
ID_I98N7T9U,163.90632591222564
ID_IBEG1OA7,161.15438529419674
ID_IBR9ON54,157.93378652574015
ID_ICACO69Z,166.49180096292366
ID_ICFMA8HY,161.50036334289993
ID_ID92667I,161.09330566743836
ID_IDUTFWE2,164.73733329334155
ID_IDWQPLZQ,161.50036334289993
ID_IF622JPO,164.04426364754116
ID_IF75YGHF,164.73733329334155
ID_IFCDBZL3,163.71137069494725
ID_IFQW2ZA4,161.16555529275982
ID_IGG7I9U6,169.80837052495593
ID_IGN2V76Z,161.50036334289993
ID_IH17NXDA,168.51261338243808
ID_II8HBM0X,158.37988011287797
ID_II8Q9WM7,164.73733329334155
ID_IJTTVS6F,159.1990105253496
ID_IJVD3IPA,161.50036334289993
ID_IK4GH04J,164.73733329334155
ID_IKIBBO06,165.39213015241612
ID_IKKJ1G2M,165.74152361958897
ID_IKLK5OBK,163.90632591222564
ID_IKWDL28R,161.09330566743836
ID_IMIFVRPU,164.04426364754116
ID_IO3DSM1M,161.09330566743836
ID_IOW2HZAA,161.50036334289993
ID_IQMDFXSK,169.67043278964042
ID_IRA10OW0,164.73733329334155
ID_IRGVINQG,166.55288058968205
ID_IRY2R3JK,161.50036334289993
ID_ISP6CQ2D,158.37988011287797
ID_ISZWECPS,158.37988011287797
ID_ITN62704,163.90632591222564
ID_ITZ62UDR,163.71137069494725
ID_IUIMF7LH,170.50144017075633
ID_IV3GA626,164.73733329334155
ID_IVNC5NXE,161.50036334289993
ID_IWHXQ4B6,164.73733329334155
ID_IWJBLJ7I,162.97376818902347
ID_IX5FTONK,161.50036334289993
ID_IXA2R63C,164.04426364754116
ID_IXPG70LA,164.73733329334155
ID_IXRJ260H,170.50144017075633
ID_IXU3UWUB,164.73733329334155
ID_IY2L5FGO,158.37988011287797
ID_IYE8952T,169.67043278964042
ID_IYPFYC5G,164.04426364754116
ID_IYWZSWP2,157.07775615535562
ID_IZ8SFP7X,161.50036334289993
ID_J05YYK3X,161.16555529275982
ID_J0AC305Y,158.37988011287797
ID_J0O6AD64,161.50036334289993
ID_J0RTV4X6,161.50036334289993
ID_J1TQJB62,164.73733329334155
ID_J2CZP6WA,165.6594410806983
ID_J2PR80EY,169.67043278964042
ID_J2TDF2SE,161.16555529275982
ID_J3A5O1OT,164.73733329334155
ID_J3WFO6WG,161.50036334289993
ID_J4WG71RB,164.04426364754116
ID_J4WU6A52,161.01293166593996
ID_J5NLXWHF,161.50036334289993
ID_J6E0PB9F,161.15438529419674
ID_J6SOAN1T,164.73733329334155
ID_J71VJFED,164.04426364754116
ID_J7JQ5I7U,165.74152361958897
ID_J7N0WFC9,163.71137069494725
ID_J7NU6RMX,168.15783217343315
ID_J7TBMCQB,158.37988011287797
ID_J7ZVSLP5,161.50036334289993
ID_J8MMQXDJ,161.01293166593996
ID_J9QAVMRB,157.93378652574015
ID_J9SFLWTG,161.15438529419674
ID_J9WI8LP9,159.1779428401296
ID_JB4KSW0Q,165.74152361958897
ID_JBKPHR3L,170.50144017075633
ID_JBY3Q98M,161.15438529419674
ID_JC2BT7UI,159.1779428401296
ID_JC5GH144,155.91684094565517
ID_JCI29COA,161.09330566743836
ID_JD72J9NP,161.09330566743836
ID_JDE4NGQN,158.37988011287797
ID_JDG7B1JX,164.04426364754116
ID_JDSJE9YA,161.50036334289993
ID_JDXE0UYL,163.64689090932657
ID_JEBGW4GD,163.60594478490881
ID_JEVVQV90,163.90632591222564
ID_JFI1U6HY,161.50036334289993
ID_JFLG5Y6L,164.73733329334155
ID_JFM4ROA9,161.50036334289993
ID_JHJKYYDO,170.50144017075633
ID_JJP6KPOV,164.04426364754116
ID_JK1WOEWB,161.50036334289993
ID_JKACYILC,158.37988011287797
ID_JKL5LCCA,158.37988011287797
ID_JKRBPW4Z,158.76439215067865
ID_JKTO1OQ7,163.90632591222564
ID_JLJ0LI24,164.73733329334155
ID_JLYMBZFP,161.50036334289993
ID_JMAU1GVE,163.90632591222564
ID_JMTMNSYB,168.15783217343315
ID_JN3QZ9E2,158.37988011287797
ID_JNI0OM4A,161.15438529419674
ID_JNOMMUO6,161.50036334289993
ID_JNXY81HS,161.15438529419674
ID_JO5M804Z,163.64689090932657
ID_JOCJ20MN,164.73733329334155
ID_JOP9S0G6,168.51261338243808
ID_JOU8PMH3,164.73733329334155
ID_JOYI9FUM,164.73733329334155
ID_JPRYOOYV,163.90632591222564
ID_JPVVK6T0,161.50036334289993
ID_JPW42YW8,164.73733329334155
ID_JRXQ5ZK3,163.90632591222564
ID_JSJY4P7L,161.09330566743836
ID_JTKMFK80,169.80837052495593
ID_JTVR0FSF,164.04426364754116
ID_JUAFHSCQ,169.67043278964042
ID_JUGO5XPH,158.37988011287797
ID_JVIDUTJA,161.50036334289993
ID_JVOHN0BM,161.50036334289993
ID_JWEJIGYG,161.15438529419674
ID_JWFWP3KI,165.39213015241612
ID_JX4QLST0,162.56341542543237
ID_JXROVLTZ,157.07775615535562
ID_JXSST1I1,158.37988011287797
ID_JYL44SZO,159.278251113199
ID_JYMETOK5,166.55288058968205
ID_JZETZYQI,169.24130765732735
ID_K0357403,163.90632591222564
ID_K1FAWN4A,167.0947800909007
ID_K1P784YJ,162.56341542543237
ID_K1SW8AI9,169.24130765732735
ID_K23W30MP,161.50036334289993
ID_K2J6X652,164.73733329334155
ID_K2LVNFXJ,163.90632591222564
ID_K2Q3SHLV,168.15783217343315
ID_K39T5D85,161.50036334289993
ID_K4FFNP1G,161.50036334289993
ID_K556U76U,161.50036334289993
ID_K5PEGF1Z,164.04426364754116
ID_K6E8K299,169.67043278964042
ID_K6LQRDSK,166.49180096292366
ID_K79STIIS,169.80837052495593
ID_K8P4ZCK4,157.07775615535562
ID_KA74HKLC,167.0947800909007
ID_KA84GONW,164.04426364754116
ID_KAH0UNSO,163.90632591222564
ID_KAJRR7H3,161.50036334289993
ID_KB0DDJJU,164.73733329334155
ID_KB4L09KF,164.73733329334155
ID_KB8GYPBD,164.04426364754116
ID_KBFKTXA6,161.50036334289993
ID_KCBZTY4B,161.50036334289993
ID_KCKBJVPH,164.04426364754116
ID_KCTT0TF3,161.09330566743836
ID_KD0I2HMV,169.24130765732735
ID_KD7AE5G1,164.73733329334155
ID_KDDH5T81,161.50036334289993
ID_KDHTF9DG,163.90632591222564
ID_KDOLLW72,163.90632591222564
ID_KDQL4WQ2,161.16555529275982
ID_KDQLSNDI,159.278251113199
ID_KE721MQB,161.50036334289993
ID_KEEZ8ARR,161.50036334289993
ID_KFY17W3J,162.56341542543237
ID_KG6IFRGK,157.07775615535562
ID_KHHIIZKW,166.55288058968205
ID_KHIJJDHZ,166.8343536776792
ID_KHNW0H6B,157.93378652574015
ID_KHPHPJVG,161.50036334289993
ID_KIWJACH0,164.73733329334155
ID_KJ8R8IZT,162.56341542543237
ID_KK2IGAH4,158.37988011287797
ID_KKB1SBG1,161.50036334289993
ID_KKCX19L3,168.15783217343315
ID_KKIKCZ7D,161.50036334289993
ID_KL3KLYRR,164.73733329334155
ID_KLBX6EKO,159.1990105253496
ID_KLFUER5G,161.50036334289993
ID_KMCUEJCL,162.56341542543237
ID_KMKXCBYB,169.67043278964042
ID_KMLHP3LX,162.56341542543237
ID_KOHUF2ZQ,158.37988011287797
ID_KOT61RQM,166.8343536776792
ID_KP0Q63H8,163.90632591222564
ID_KPPCL0AQ,169.24130765732735
ID_KPZKN00A,161.09330566743836
ID_KR4104FW,161.50036334289993
ID_KR80AYBH,166.55288058968205
ID_KS6YBLP3,162.56341542543237
ID_KSIGRH5T,161.50036334289993
ID_KSRNCRJ6,161.50036334289993
ID_KTDUG1A0,163.64689090932657
ID_KTY0I2ET,161.15438529419674
ID_KTYF4JG7,163.64689090932657
ID_KUAPYN3V,170.50144017075633
ID_KUH3TSH5,163.90632591222564
ID_KUN8BSS4,164.73733329334155
ID_KUR6RRXD,162.97376818902347
ID_KV98BU2X,164.73733329334155
ID_KWNRDVYH,164.73733329334155
ID_KWRVOEZM,158.37988011287797
ID_KXQPQC1Q,169.30578744294803
ID_KYKHFEBM,161.50036334289993
ID_KYR0YRWG,161.50036334289993
ID_KYSMPI32,158.37988011287797
ID_KZUYCCLP,157.07775615535562
ID_L0DP4HLX,159.278251113199
ID_L11V40N5,161.50036334289993
ID_L1KW8BOC,163.90632591222564
ID_L1PHMRA5,161.15438529419674
ID_L221PJDL,165.74152361958897
ID_L29V81ZP,164.04426364754116
ID_L2B39HP6,161.15438529419674
ID_L2U9LP1D,162.29187156941958
ID_L2ZFWHRS,162.56341542543237
ID_L32YOWRV,161.50036334289993
ID_L3A4Z2S3,163.64689090932657
ID_L3D2N0U9,161.50036334289993
ID_L3J071WG,161.15438529419674
ID_L3RFG80X,161.50036334289993
ID_L4E3O1JR,169.67043278964042
ID_L4HOGVZ2,164.04426364754116
ID_L5UFI4ON,161.50036334289993
ID_L5W9RP2B,161.50036334289993
ID_L65SO1LK,161.50036334289993
ID_L6HPBG9C,163.90632591222564
ID_L6NZJIWL,158.76439215067865
ID_L6P5F1XB,161.50036334289993
ID_L78XOB23,163.90632591222564
ID_L7NC7IHX,164.04426364754116
ID_L7O3O93X,164.73733329334155
ID_L7UM1QNQ,163.60594478490881
ID_L7X7YGET,162.00901158005098
ID_L7ZI0YBT,164.04426364754116
ID_L8CSXC3C,163.90632591222564
ID_L8JQ2R48,161.16555529275982
ID_L8T8JMUI,161.09330566743836
ID_LAUPN8LS,164.73733329334155
ID_LB3ISO3W,164.73733329334155
ID_LB7SXKQ2,158.37988011287797
ID_LBN3ONVI,169.30578744294803
ID_LBR96ZM1,164.04426364754116
ID_LCU7X5GD,161.09330566743836
ID_LD0X1B1I,161.15438529419674
ID_LDPNU9AM,163.90632591222564
ID_LDV53NBR,163.64689090932657
ID_LE133DNN,163.71137069494725
ID_LE6Q7WBG,169.80837052495593
ID_LE94FHA8,164.73733329334155
ID_LEA8NW6L,164.73733329334155
ID_LGQKEDO9,164.04426364754116
ID_LIH3D8HQ,159.1990105253496
ID_LILL6SPF,163.90632591222564
ID_LJ1BU3CZ,164.04426364754116
ID_LJSOZ81M,165.6594410806983
ID_LJXKI7BC,161.15438529419674
ID_LK20JGMP,161.50036334289993
ID_LK23HFT2,170.50144017075633
ID_LKEPP7GU,161.50036334289993
ID_LKR3JNCE,164.73733329334155
ID_LLPIUVOL,161.15438529419674
ID_LLXJAMGA,164.04426364754116
ID_LN403EBX,161.50036334289993
ID_LO42Q3K0,161.50036334289993
ID_LO4MHWN9,158.76439215067865
ID_LOASIUVJ,166.55288058968205
ID_LOFNMMPU,161.50036334289993
ID_LP0RP3FH,157.07775615535562
ID_LP2ZM8K7,160.48101944096337
ID_LP9Y494M,171.50563049700375
ID_LQ79WQMT,161.09330566743836
ID_LRLT31MI,166.55288058968205
ID_LSYMQI8Y,158.37988011287797
ID_LSZ38W8C,161.50036334289993
ID_LT5HA2UC,165.6594410806983
ID_LTMQIJNS,161.50036334289993
ID_LU1ICJVU,161.50036334289993
ID_LU28WPVJ,168.56818493702426
ID_LV0SMU4H,161.50036334289993
ID_LV7Y50XY,162.97376818902347
ID_LVODDTSW,164.73733329334155
ID_LWUWDNEV,161.01293166593996
ID_LWZ7GDHI,164.73733329334155
ID_LXBH7SO0,161.50036334289993
ID_LXXTX14Y,163.90632591222564
ID_LXYYE4A7,161.50036334289993
ID_LYPHTV7S,163.90632591222564
ID_LZ1H2W3V,163.64689090932657
ID_LZGYNIAT,161.50036334289993
ID_LZKTPZWV,164.04426364754116
ID_LZWJCGF2,161.50036334289993
ID_M03IIOSS,158.37988011287797
ID_M15J33NA,161.15438529419674
ID_M1KO5ONJ,158.37988011287797
ID_M1ZETSFU,165.74152361958897
ID_M2030A3K,164.73733329334155
ID_M2XGWYUR,161.50036334289993
ID_M350L18G,161.50036334289993
ID_M4I6KHSM,161.50036334289993
ID_M4PGVGWL,156.41482739728957
ID_M4R452TE,164.04426364754116
ID_M5LX4O3R,164.73733329334155
ID_M5MN986X,163.90632591222564
ID_M63VAWTB,164.73733329334155
ID_M6GY3WOF,158.37988011287797
ID_M6L255XN,164.04426364754116
ID_M77WSVXW,165.74152361958897
ID_M7SPRCUY,164.04426364754116
ID_M7UPIFMD,164.73733329334155
ID_M7V8V8PO,161.50036334289993
ID_M8KH10YM,161.50036334289993
ID_M8PW00GQ,161.50036334289993
ID_M8S37RP9,161.50036334289993
ID_M8TICCZB,163.90632591222564
ID_M8W5B03L,161.09330566743836
ID_M9HGTM87,164.04426364754116
ID_M9L8DI1T,158.37988011287797
ID_MAM89VFX,164.04426364754116
ID_MBBOL4F4,159.278251113199
ID_MCCSGLH9,161.09330566743836
ID_MCOE3WG4,161.50036334289993
ID_MD1217LD,164.04426364754116
ID_MDQOU7UV,167.0947800909007
ID_MDRQRBZF,163.90632591222564
ID_MDY80P9U,169.24130765732735
ID_MEIMIITN,164.04426364754116
ID_MES0L54H,164.73733329334155
ID_MFGZXRNJ,163.90632591222564
ID_MG5X31OV,163.90632591222564
ID_MGMFDM3D,158.37988011287797
ID_MGPDZ7Y8,164.73733329334155
ID_MGQL3HKC,164.73733329334155
ID_MGZS12MP,168.51261338243808
ID_MH25MKEB,164.73733329334155
ID_MH2SFIME,164.73733329334155
ID_MHGCMNEM,163.90632591222564
ID_MJNMDK6O,161.50036334289993
ID_MJTMI7NA,160.48101944096337
ID_MJV10O5M,169.80837052495593
ID_MJV75G1B,161.50036334289993
ID_MKD7DLNK,161.50036334289993
ID_MKUGVB9H,165.6594410806983
ID_ML0Y720T,164.04426364754116
ID_MLCJDDP7,169.80837052495593
ID_MM70JA26,160.48101944096337
ID_MMK9JX5K,161.50036334289993
ID_MMWDRMGK,167.0947800909007
ID_MMXVV6YW,169.80837052495593
ID_MNOK40HY,165.74152361958897
ID_MO3KHK87,163.64689090932657
ID_MOH43BDT,159.1990105253496
ID_MPX27ITS,161.50036334289993
ID_MPX2HDID,164.04426364754116
ID_MPXZSY6Q,164.73733329334155
ID_MQHDQR5Z,161.50036334289993
ID_MQSJNE22,161.50036334289993
ID_MQVYHEME,164.04426364754116
ID_MR1O6AKR,166.49180096292366
ID_MSWGG37C,164.04426364754116
ID_MTI7FAQF,158.37988011287797
ID_MU3NCDK6,169.80837052495593
ID_MUI47IEF,161.50036334289993
ID_MVIYRO8T,163.64689090932657
ID_MVJGACZK,164.73733329334155
ID_MW4F281Q,168.51261338243808
ID_MWE0ZKBX,158.37988011287797
ID_MWKR4IDN,165.39213015241612
ID_MX5P7L35,157.21879162543655
ID_MY3OTZP6,157.07775615535562
ID_MY7ELVL2,158.37988011287797
ID_MY7ZI48X,166.41142696142526
ID_MYSL451C,164.04426364754116
ID_MYX0A11S,161.15438529419674
ID_N0EXCI3G,161.50036334289993
ID_N0N3UM9Z,161.09330566743836
ID_N16JXGQS,161.50036334289993
ID_N1QQ7A5V,154.04575819279717
ID_N2121HO0,166.55288058968205
ID_N22VK7B8,170.50144017075633
ID_N26LL1ME,161.15438529419674
ID_N2CSA9TW,166.8343536776792
ID_N2KNR5OW,165.39213015241612
ID_N34153HW,158.76439215067865
ID_N3DAFCYB,157.21879162543655
ID_N3G30H2C,170.50144017075633
ID_N3Z8EFEG,164.04426364754116
ID_N5COWW8L,158.37988011287797
ID_N5F7DUKU,164.04426364754116
ID_N5PMKKFL,163.90632591222564
ID_N5TEP39R,158.37988011287797
ID_N60TFA5E,161.50036334289993
ID_N7KRF4JA,161.16555529275982
ID_N8SJ3LDA,164.04426364754116
ID_N8T622VB,165.39213015241612
ID_N8U3K8VR,161.16555529275982
ID_N926GX8J,161.50036334289993
ID_NAA292TU,162.56341542543237
ID_NARI0E12,155.91684094565517
ID_NBAO7Z59,157.21879162543655
ID_NBRRME5H,159.1990105253496
ID_NDCOG6KR,164.73733329334155
ID_NDXYQ0YQ,164.04426364754116
ID_NE7239BX,161.09330566743836
ID_NEWQZVGE,164.73733329334155
ID_NFPV8E3S,165.74152361958897
ID_NG9ZTI2G,164.04426364754116
ID_NHB1W8DP,161.50036334289993
ID_NHJKZN7Y,164.73733329334155
ID_NIHGF86T,165.6594410806983
ID_NJ4NUPPP,161.15438529419674
ID_NKFGOAOZ,159.1779428401296
ID_NL1XPIK6,163.90632591222564
ID_NL6W16JI,161.50036334289993
ID_NLSTH4WF,162.56341542543237
ID_NM4EO8AR,164.73733329334155
ID_NMD7N8QC,161.01293166593996
ID_NMFN5BPF,164.04426364754116
ID_NN80U7QK,167.0947800909007
ID_NNWKPEBH,161.50036334289993
ID_NOYQQ79E,158.37988011287797
ID_NPW7HWMK,166.49180096292366
ID_NQ5DNWBM,170.50144017075633
ID_NQSZV6HS,163.64689090932657
ID_NR09NH8L,163.64689090932657
ID_NRT5N8IP,162.29187156941958
ID_NSE371YI,161.50036334289993
ID_NSMF9KBL,163.90632591222564
ID_NSXOLJGX,171.42354795811306
ID_NT1XFQ2J,161.50036334289993
ID_NTT2X5OA,170.50144017075633
ID_NTW4MMFD,164.73733329334155
ID_NVT604YM,162.56341542543237
ID_NWYWUNK2,159.1990105253496
ID_NXOVCKQF,161.50036334289993
ID_NXTRFK4A,164.73733329334155
ID_NY79NZBJ,164.73733329334155
ID_NYGI2R2N,164.04426364754116
ID_NYGUF89D,163.90632591222564
ID_NYTOG7MC,161.50036334289993
ID_O0IAKBNJ,161.09330566743836
ID_O29IX3YR,162.56341542543237
ID_O2EE7NYV,163.64689090932657
ID_O2I0J79O,171.42354795811306
ID_O3IQAB9V,164.04426364754116
ID_O4E19CC9,163.90632591222564
ID_O5V948R2,164.73733329334155
ID_O6QSG36V,161.15438529419674
ID_O7CCAIOO,161.50036334289993
ID_O7FCSTH3,164.73733329334155
ID_O7T7SBDH,160.48101944096337
ID_O7X1TWMS,161.50036334289993
ID_OA0PB72N,158.37988011287797
ID_OARS53ZQ,161.50036334289993
ID_OCWKAC9M,161.50036334289993
ID_OD2N3YWP,161.50036334289993
ID_OEARMYGR,161.50036334289993
ID_OEHGU44G,164.73733329334155
ID_OEM2O5CM,164.04426364754116
ID_OFG6CR12,164.04426364754116
ID_OGH3GNP2,161.15438529419674
ID_OGR25R9I,170.50144017075633
ID_OGX1UHT0,158.37988011287797
ID_OHENSVGU,158.37988011287797
ID_OI6OGN9E,161.50036334289993
ID_OIT27VW1,162.56341542543237
ID_OJ6GNY2J,161.50036334289993
ID_OJVW9BBG,164.73733329334155
ID_OKTZ1VDM,159.18713410176213
ID_OM1TRXYT,158.37988011287797
ID_OMQJZHZF,162.56341542543237
ID_OMZMB2Y6,161.50036334289993
ID_ONBQ3647,161.50036334289993
ID_OOBXAB1W,163.90632591222564
ID_OPTOY77Y,161.09330566743836
ID_ORJB88AP,158.37988011287797
ID_OROWSC6J,162.56341542543237
ID_OTFVY0KY,161.09330566743836
ID_OTKS0SLP,161.16555529275982
ID_OTQBEPYG,169.80837052495593
ID_OUIMTBJ6,161.50036334289993
ID_OUPNKYGT,171.42354795811306
ID_OV3OK0LB,164.73733329334155
ID_OVNLY65K,158.37988011287797
ID_OVRTY7AS,159.1990105253496
ID_OWNB0P7K,171.42354795811306
ID_OXGJWA3D,163.90632591222564
ID_OYBFFBB4,161.16555529275982
ID_OYE1WHCF,158.37988011287797
ID_OYG4084F,161.50036334289993
ID_OZWX1S9Y,164.04426364754116
ID_OZZPSH7J,162.56341542543237
ID_P017PN56,162.56341542543237
ID_P0A1URQG,161.16555529275982
ID_P0VO0IC4,164.04426364754116
ID_P0YDJH49,157.07775615535562
ID_P1Q054KI,164.04426364754116
ID_P2B2K0BS,161.50036334289993
ID_P2SALV5W,161.50036334289993
ID_P2UO2J3M,170.50144017075633
ID_P2WKL9QE,167.0947800909007
ID_P4DCJO66,161.50036334289993
ID_P4ET5UYL,161.09330566743836
ID_P4O875EW,161.09330566743836
ID_P5C3LVCR,161.15438529419674
ID_P61AAWN2,164.73733329334155
ID_P6B75830,161.09330566743836
ID_P7CQYGUW,169.67043278964042
ID_P85IDSEC,158.37988011287797
ID_P8OOEV9V,158.37988011287797
ID_P8UQXPOZ,172.59846055509396
ID_P9B06TXF,158.37988011287797
ID_P9DKE0PV,161.15438529419674
ID_P9J9L213,166.55288058968205
ID_P9KTHB8I,164.73733329334155
ID_PAT4IALW,157.07775615535562
ID_PATQF5OB,164.04426364754116
ID_PB93IF78,164.04426364754116
ID_PBC1MET0,162.56341542543237
ID_PBO45PL7,161.50036334289993
ID_PBQQ9Q7H,164.73733329334155
ID_PBYTIA4P,164.73733329334155
ID_PD7J7EUY,171.50563049700375
ID_PDBZIEBR,164.04426364754116
ID_PEJXP7CX,161.50036334289993
ID_PEQ3HKZ1,168.51261338243808
ID_PEWJI97K,169.80837052495593
ID_PF82JQ3T,164.04426364754116
ID_PFCEXUBN,170.50144017075633
ID_PFZQIJLK,161.50036334289993
ID_PH125S5Z,161.09330566743836
ID_PH3MOT9Q,155.91684094565517
ID_PHARAINE,163.90632591222564
ID_PHEGWE76,161.50036334289993
ID_PIN0YW9Z,164.04426364754116
ID_PINQAHNO,164.73733329334155
ID_PIXZT3R5,161.50036334289993
ID_PJHCUUP3,161.50036334289993
ID_PKIBR9AT,158.37988011287797
ID_PKR12PK4,159.1779428401296
ID_PKUS9NG5,169.80837052495593
ID_PLR97Q25,164.73733329334155
ID_PM5IYBDN,164.04426364754116
ID_PMFYPCHL,166.56405058824512
ID_PMP5DKB3,164.04426364754116
ID_PNEHIA23,165.74152361958897
ID_PNL146PC,161.09330566743836
ID_PNLL7G98,165.6594410806983
ID_PNNLN9T8,161.15438529419674
ID_POFMAYZJ,161.50036334289993
ID_POHUTENN,164.73733329334155
ID_POTO8YLK,164.73733329334155
ID_PPTCRCND,158.37988011287797
ID_PQMQM37U,164.73733329334155
ID_PQO8Y0EW,166.55288058968205
ID_PQQXN5SP,161.50036334289993
ID_PQTX04K4,161.15438529419674
ID_PR2S9V0U,158.76439215067865
ID_PR854TB6,161.16555529275982
ID_PRA8QBPH,158.37988011287797
ID_PRK4FLY4,161.50036334289993
ID_PRT2CR8F,161.50036334289993
ID_PSPN0JLQ,158.37988011287797
ID_PTXPR5JQ,164.73733329334155
ID_PU1DZP79,161.09330566743836
ID_PUA3AWFV,166.49180096292366
ID_PUAKYMQ1,159.20802109093015
ID_PUE0SJRE,162.00901158005098
ID_PUITAT2P,170.50144017075633
ID_PUJSGXKC,163.90632591222564
ID_PUK428OL,167.0947800909007
ID_PUQQBDD9,163.64689090932657
ID_PVIJIL4K,163.90632591222564
ID_PW0S0OG4,162.56341542543237
ID_PWN1VT35,158.37988011287797
ID_PX4GM8SN,162.56341542543237
ID_PXA06V9M,163.90632591222564
ID_PXGRD481,161.01293166593996
ID_PXMFHZA2,158.76439215067865
ID_PY53R7EG,164.73733329334155
ID_PZ2S2Q3U,164.04426364754116
ID_PZAWI6ZQ,170.50144017075633
ID_PZQSZHVD,161.50036334289993
ID_PZZVIJ4O,163.90632591222564
ID_Q0FOITZF,158.37988011287797
ID_Q0UM2MPW,164.73733329334155
ID_Q1GTPHJK,161.50036334289993
ID_Q1KWAVWV,164.04426364754116
ID_Q3TFOYTM,158.37988011287797
ID_Q496FWMT,164.73733329334155
ID_Q4YFFLZM,163.64689090932657
ID_Q5VIYA3J,162.56341542543237
ID_Q63VK8K2,164.73733329334155
ID_Q65PZHVT,164.04426364754116
ID_Q6CYV6PQ,159.18713410176213
ID_Q7HMQ204,164.73733329334155
ID_Q83CJCHD,157.3068600872716
ID_Q8BRLX4U,161.50036334289993
ID_Q9E88H3C,162.56341542543237
ID_QAGIQ717,164.73733329334155
ID_QAR2HC76,164.73733329334155
ID_QBNL3AJI,160.48101944096337
ID_QCJ6MEL5,165.6594410806983
ID_QCKIF81Y,167.0947800909007
ID_QD1TMGAR,163.90632591222564
ID_QE3RRIGV,165.39213015241612
ID_QEDAR4GV,158.37988011287797
ID_QF4VC77F,161.16555529275982
ID_QF590X6M,158.37988011287797
ID_QG5JNJQW,163.64689090932657
ID_QGQEA5DC,163.64689090932657
ID_QIR19KSK,164.04426364754116
ID_QJMM22RS,164.73733329334155
ID_QJRH49EA,158.37988011287797
ID_QKGJI7AM,164.73733329334155
ID_QKHKZAM4,162.56341542543237
ID_QKX0VMUV,164.73733329334155
ID_QKY88KAP,167.0947800909007
ID_QM0W4FYC,161.50036334289993
ID_QM7VKL5S,159.1779428401296
ID_QMX20BAY,161.50036334289993
ID_QNL13QO7,161.16555529275982
ID_QNPXIA21,161.09330566743836
ID_QO7IL9RL,158.37988011287797
ID_QOENLX8Z,163.90632591222564
ID_QP6925YR,161.50036334289993
ID_QPBMNWWW,163.64689090932657
ID_QPHXBCMP,163.64689090932657
ID_QPJ0EIYG,163.60594478490881
ID_QPMCPOJP,164.73733329334155
ID_QPOU1W52,161.09330566743836
ID_QPZX5S6E,163.90632591222564
ID_QQMCZYPO,166.41142696142526
ID_QQPQZ946,159.91705217443695
ID_QQZPS42G,170.50144017075633
ID_QRB9KESF,164.73733329334155
ID_QRSMTKW7,161.50036334289993
ID_QRSUR9T0,161.16555529275982
ID_QRWZ9U6P,161.50036334289993
ID_QSDZVDXT,164.73733329334155
ID_QSYU3FK2,169.24130765732735
ID_QSZW95VU,162.56341542543237
ID_QT2DE74I,162.97376818902347
ID_QT3ESR91,163.90632591222564
ID_QTC1KLC1,163.90632591222564
ID_QTIPA1SF,159.18713410176213
ID_QU9P5BAY,163.64689090932657
ID_QURZAGPZ,158.37988011287797
ID_QVPTFY8K,162.56341542543237
ID_QVSMHCLC,164.73733329334155
ID_QW0DZARN,161.50036334289993
ID_QW3ERDM1,159.20802109093015
ID_QW4117MF,161.15438529419674
ID_QW8GUD2H,161.16555529275982
ID_QWRC044B,158.37988011287797
ID_QWRDBDXR,170.50144017075633
ID_QXJYVPXI,164.73733329334155
ID_QZ8PB2GE,164.73733329334155
ID_QZKR27ZA,161.50036334289993
ID_QZN0E88G,158.76439215067865
ID_QZOG069V,161.50036334289993
ID_QZVZ9HNE,161.50036334289993
ID_R027ST33,161.50036334289993
ID_R0BC00C8,163.90632591222564
ID_R0E1OSJ8,158.37988011287797
ID_R0S2T2TC,158.37988011287797
ID_R2GWWLIA,163.90632591222564
ID_R32DBMY1,161.50036334289993
ID_R38KNZPU,161.15438529419674
ID_R3FQBJK7,161.50036334289993
ID_R3JBUUKI,163.90632591222564
ID_R3Z6N0NU,164.73733329334155
ID_R4FQXAPH,169.67043278964042
ID_R5PPEO9W,159.1990105253496
ID_R69GFJ6O,170.50144017075633
ID_R6RB0BX6,159.278251113199
ID_R6UXS7MW,163.90632591222564
ID_R6XSB7G9,162.00901158005098
ID_R7OOFMC2,163.90632591222564
ID_R7ZHB2UI,164.73733329334155
ID_R95HA2Y9,163.90632591222564
ID_R98OJEX9,165.6594410806983
ID_R9IL4DDB,163.64689090932657
ID_R9L323ET,164.73733329334155
ID_RA9QYJ84,161.50036334289993
ID_RAH1C5J6,161.09330566743836
ID_RAHD8559,159.20802109093015
ID_RAM7W66K,164.73733329334155
ID_RB5428N4,159.278251113199
ID_RB9NHTOK,161.50036334289993
ID_RBB5GL2K,161.50036334289993
ID_RBI3INIP,161.50036334289993
ID_RCY7LCJE,164.73733329334155
ID_RE8QTMS0,157.07775615535562
ID_REA1ATBF,161.16555529275982
ID_RFO22GPM,164.73733329334155
ID_RG0XODDS,164.04426364754116
ID_RGTW974H,166.49180096292366
ID_RI007HAV,163.90632591222564
ID_RI1MN4PR,164.73733329334155
ID_RI6YJ5WN,169.80837052495593
ID_RIV1YAE4,161.15438529419674
ID_RJVK10YL,161.09330566743836
ID_RLHE5OS2,163.71137069494725
ID_RMABJ7O2,164.73733329334155
ID_RMG92NIL,165.39213015241612
ID_ROOFUG3O,161.50036334289993
ID_ROUDSBS2,163.90632591222564
ID_RP7AFBPI,162.97376818902347
ID_RPEBZ6GR,161.50036334289993
ID_RPRV0NCZ,161.09330566743836
ID_RQ5W5VPY,163.90632591222564
ID_RQALCXK3,162.56341542543237
ID_RR98MDFD,168.51261338243808
ID_RRWY63A4,169.67043278964042
ID_RSF9U7WT,161.50036334289993
ID_RSYFWNAM,163.90632591222564
ID_RTRU9E06,161.50036334289993
ID_RTU1GP39,162.56341542543237
ID_RUN3LKGR,169.67043278964042
ID_RW91WLEY,164.73733329334155
ID_RX990T6G,161.50036334289993
ID_RX9HMRNR,161.50036334289993
ID_RXZUQSC0,164.04426364754116
ID_RY0EH90O,164.73733329334155
ID_RYKC592K,163.90632591222564
ID_RZ5G7T7A,164.73733329334155
ID_RZB0DHA7,161.50036334289993
ID_RZBDHEE0,161.16555529275982
ID_RZCNIAAE,158.37988011287797
ID_RZLQN9U8,160.48101944096337
ID_S0C47GRP,161.50036334289993
ID_S1H9AWWW,165.6594410806983
ID_S1LFVSXL,163.90632591222564
ID_S1PO606D,159.1779428401296
ID_S1TZ4V57,165.4891596555164
ID_S1Z7KOVP,157.07775615535562
ID_S2YKJNJP,161.50036334289993
ID_S37O61MW,161.50036334289993
ID_S3DN4RKT,166.55288058968205
ID_S3HT66EZ,161.50036334289993
ID_S3SV7J2B,158.37988011287797
ID_S3XV9KPD,163.90632591222564
ID_S41RJOU7,163.90632591222564
ID_S4E22GK2,161.50036334289993
ID_S5Y6UBY7,164.73733329334155
ID_S5Z3M5JX,163.90632591222564
ID_S6L60W2I,161.50036334289993
ID_S6PLYXXQ,161.50036334289993
ID_S73XPWV6,161.50036334289993
ID_S83TEJ7R,157.93378652574015
ID_S89ZTL8Z,167.0947800909007
ID_S909456E,163.64689090932657
ID_S9GLJ5SI,164.73733329334155
ID_SAGUYM8D,169.67043278964042
ID_SAUOFLT5,161.50036334289993
ID_SAW20PCP,164.04426364754116
ID_SCG1K3BA,161.50036334289993
ID_SCZJ32Y4,163.90632591222564
ID_SDWSS1GM,169.67043278964042
ID_SDZ0BH91,169.67043278964042
ID_SFCJ1XEQ,168.15783217343315
ID_SGFQ4X4M,164.73733329334155
ID_SGHX0V7M,161.16555529275982
ID_SGR6MYNQ,161.16555529275982
ID_SGZ827P2,161.15438529419674
ID_SHAF1WPM,163.90632591222564
ID_SHPN06FL,159.1779428401296
ID_SI0GREFZ,164.04426364754116
ID_SI6FDZ1S,168.51261338243808
ID_SINWDJNG,164.04426364754116
ID_SIS5F9VT,161.09330566743836
ID_SJK1IFN8,164.73733329334155
ID_SKE1FCJS,163.90632591222564
ID_SKQDB5I1,169.80837052495593
ID_SLDYZ97D,167.0947800909007
ID_SLFN1GCN,164.6767464086843
ID_SLTUTXNW,164.73733329334155
ID_SN4T0FBO,164.73733329334155
ID_SNUQ8GXS,164.04426364754116
ID_SNYQ4HST,161.15438529419674
ID_SO9W0Z8W,161.50036334289993
ID_SOFQ8OWJ,163.60594478490881
ID_SOO2PIAC,163.90632591222564
ID_SP60Q5XY,159.1990105253496
ID_SPJA38YK,161.50036334289993
ID_SPOK8NG4,164.73733329334155
ID_SPZ6D1QM,161.09330566743836
ID_SPZB95UB,163.90632591222564
ID_SQ36XHTR,160.48101944096337
ID_SQ6UZGOQ,159.1990105253496
ID_SQM4YRWS,158.37988011287797
ID_SS1SGJF9,164.73733329334155
ID_SSHBHOKJ,161.50036334289993
ID_SSQDBJB8,162.56341542543237
ID_STF9LY57,160.48101944096337
ID_STJCC2IX,161.09330566743836
ID_STLL4QKP,161.50036334289993
ID_SUCX6NFA,169.67043278964042
ID_SUI51G1E,161.50036334289993
ID_SUO3SMHZ,166.8343536776792
ID_SUY4JV2A,161.50036334289993
ID_SV8M2ARX,164.04426364754116
ID_SVKCNK7O,164.04426364754116
ID_SVX3R5LD,164.04426364754116
ID_SWCL50AH,161.50036334289993
ID_SWUVOYC5,164.04426364754116
ID_SY2Y5AOF,168.51261338243808
ID_SY9TZUYS,164.04426364754116
ID_SYWRXPSM,157.07775615535562
ID_SZ4U7QDA,164.73733329334155
ID_SZNMAAE6,161.50036334289993
ID_SZSVNXMB,161.50036334289993
ID_SZWQLYY2,161.50036334289993
ID_T04DLXNU,171.50563049700375
ID_T0UOIAU0,157.07775615535562
ID_T15EJKWG,167.0947800909007
ID_T1YO7F04,164.73733329334155
ID_T20ETEA5,164.73733329334155
ID_T40SO8RK,164.73733329334155
ID_T4GT9EVN,161.50036334289993
ID_T4J2N3W1,161.50036334289993
ID_T4KNSOSA,164.73733329334155
ID_T55DIDQH,165.39213015241612
ID_T5UWCFY1,158.37988011287797
ID_T62FDFDL,161.50036334289993
ID_T6S9WVZ2,158.37988011287797
ID_T7PEESEF,161.50036334289993
ID_T83NUB8P,158.37988011287797
ID_T8658KL5,163.90632591222564
ID_T86RKXIO,170.50144017075633
ID_T89VMO0V,169.24130765732735
ID_T8FNBA7Y,161.50036334289993
ID_T8KJBRFM,161.50036334289993
ID_T8YDSY63,161.16555529275982
ID_T9RIEDPG,161.09330566743836
ID_T9RVJR5C,165.4891596555164
ID_T9VDTS7I,165.6594410806983
ID_TA11GHT8,163.90632591222564
ID_TB035UXX,163.90632591222564
ID_TB7E0MPG,161.50036334289993
ID_TBERMJR6,166.21126056488774
ID_TBYM96JH,157.07775615535562
ID_TDFMQGUF,157.07775615535562
ID_TDI1BW83,161.50036334289993
ID_TDUZI739,157.93378652574015
ID_TEYMR5FB,162.29187156941958
ID_TF9905P9,161.50036334289993
ID_TFD22LIV,164.73733329334155
ID_TFQ3EX6K,161.50036334289993
ID_TFRWXPB8,163.90632591222564
ID_TFTNM99K,161.50036334289993
ID_TG09PGMB,169.80837052495593
ID_TGAP8MXW,164.04426364754116
ID_TGFNHE0I,164.73733329334155
ID_TGTGX9GA,159.91705217443695
ID_THAISRNY,165.74152361958897
ID_TI3J012R,162.29187156941958
ID_TI4UHIQK,169.67043278964042
ID_TIAJR827,161.50036334289993
ID_TIXW0KO2,164.04426364754116
ID_TJ17A6JB,164.73733329334155
ID_TJOCME94,163.90632591222564
ID_TK6SOR2N,161.50036334289993
ID_TKMXMD3I,164.73733329334155
ID_TKZ9JMUW,161.50036334289993
ID_TL4NXKK3,165.39213015241612
ID_TLIT2NOE,163.90632591222564
ID_TMN4QI91,162.29187156941958
ID_TN018K71,161.50036334289993
ID_TN63QQGM,164.73733329334155
ID_TODZZUFF,164.73733329334155
ID_TOE3QGSY,161.15438529419674
ID_TOH91SJF,164.73733329334155
ID_TOME1610,157.07775615535562
ID_TOPX035M,162.56341542543237
ID_TP0D6JXT,161.15438529419674
ID_TP376Q9H,170.50144017075633
ID_TPGYBCI9,161.50036334289993
ID_TPV8JKY7,165.39213015241612
ID_TPY61UDR,158.76439215067865
ID_TQ8T75TX,169.67043278964042
ID_TQA6W89B,166.8343536776792
ID_TQX9NF0C,161.50036334289993
ID_TRGIXGI3,158.37988011287797
ID_TRKP3KS0,164.73733329334155
ID_TS0B1L0G,163.60594478490881
ID_TS42UJX8,163.90632591222564
ID_TSD4DIYF,161.15438529419674
ID_TSFQTN9H,161.50036334289993
ID_TSOVW9R7,161.50036334289993
ID_TSXITLP9,161.15438529419674
ID_TT0DQ3YX,163.90632591222564
ID_TV9FYEMD,167.0947800909007
ID_TW09HCPL,168.15783217343315
ID_TW8CXPY9,163.90632591222564
ID_TWIHMCYO,166.41142696142526
ID_TY250CFS,161.50036334289993
ID_TYG7IPI7,170.50144017075633
ID_TYP82LIU,161.15438529419674
ID_TYQVMAY0,161.50036334289993
ID_TZ3DCGU6,158.76439215067865
ID_TZ9965NZ,163.90632591222564
ID_TZZOBGQD,163.64689090932657
ID_U0DG1Z01,163.90632591222564
ID_U0M0UH1O,161.01293166593996
ID_U169RY8W,163.90632591222564
ID_U18E7Q4Q,159.91705217443695
ID_U29NCOOA,158.37988011287797
ID_U2H8YL3H,161.50036334289993
ID_U2IVCLGJ,161.09330566743836
ID_U2KO7S8G,164.73733329334155
ID_U35ZXM6Z,166.56405058824512
ID_U3JR6R22,161.15438529419674
ID_U3RE752H,161.50036334289993
ID_U40EV6M0,163.64689090932657
ID_U4QHA6GY,168.51261338243808
ID_U4XHOMP8,161.50036334289993
ID_U57OFFIG,158.37988011287797
ID_U596WA6I,158.37988011287797
ID_U5JF798J,163.90632591222564
ID_U5NX19YB,170.50144017075633
ID_U76H03L6,166.56405058824512
ID_U7JCSRDL,164.04426364754116
ID_U8JNFPKA,159.278251113199
ID_U9VTYTFR,163.64689090932657
ID_UAGBHEXY,161.09330566743836
ID_UAJZJJ6S,161.50036334289993
ID_UAKJ0PQB,161.50036334289993
ID_UB3MKL1O,158.37988011287797
ID_UC988RWC,161.50036334289993
ID_UCAPFOJD,161.15438529419674
ID_UCH2K84Q,164.73733329334155
ID_UDCXC3TZ,158.37988011287797
ID_UDGQK2TT,163.90632591222564
ID_UEFAKABV,161.15438529419674
ID_UEYWVXE2,158.37988011287797
ID_UF2YFXX1,164.04426364754116
ID_UFIRXU05,162.56341542543237
ID_UGAG2V8B,164.73733329334155
ID_UGIXINSX,166.55288058968205
ID_UGKETANK,163.90632591222564
ID_UGL6FG60,162.56341542543237
ID_UGOXYURK,164.73733329334155
ID_UH1IS29S,164.73733329334155
ID_UH6A46L5,161.09330566743836
ID_UHCUNUGT,164.04426364754116
ID_UI6CRHL4,161.50036334289993
ID_UI7ZKSF8,167.0947800909007
ID_UI8RQHA9,157.38482293595737
ID_UIXDBP1F,164.73733329334155
ID_UJQ00AVG,161.50036334289993
ID_UK518X4W,161.50036334289993
ID_UL3LZKW5,161.16555529275982
ID_UL5TITK7,166.56405058824512
ID_ULBAP5VW,163.90632591222564
ID_ULVJ9YSS,160.48101944096337
ID_ULVZTGEX,158.37988011287797
ID_ULW0NOX1,162.56341542543237
ID_UM40RW6B,165.74152361958897
ID_UMI3H9XD,168.51261338243808
ID_UMLFZT1V,161.15438529419674
ID_UN1RZCRG,161.15438529419674
ID_UNBTT7M3,168.15783217343315
ID_UNIFZRLT,161.50036334289993
ID_UNIX55L2,164.04426364754116
ID_UNKXMZVQ,163.90632591222564
ID_UNU1GJX1,161.15438529419674
ID_UOQ6AGCK,162.56341542543237
ID_UOXULH6M,164.73733329334155
ID_UP6FIW03,168.51261338243808
ID_UP8JQTCJ,161.09330566743836
ID_UPDC20BO,164.73733329334155
ID_UPDOQ8VH,163.90632591222564
ID_UPOP373V,168.51261338243808
ID_UQF8ZLXV,162.97376818902347
ID_UQYCJHF8,163.60594478490881
ID_UR0583OR,164.73733329334155
ID_US4TX38V,164.04426364754116
ID_USNR43QQ,161.50036334289993
ID_UT17ZPR3,163.90632591222564
ID_UTY8YY6H,164.04426364754116
ID_UTZOE8EX,161.15438529419674
ID_UU75THO8,161.50036334289993
ID_UV1UCXGK,161.50036334289993
ID_UVLFYKDT,158.37988011287797
ID_UVSNX4LQ,162.56341542543237
ID_UVZ3MMZF,163.60594478490881
ID_UW07IORF,163.64689090932657
ID_UWDNK3UX,169.80837052495593
ID_UWK5GHBM,163.64689090932657
ID_UX5DH20U,158.37988011287797
ID_UX5N32TX,161.15438529419674
ID_UX6KQASW,161.50036334289993
ID_UXACL91Q,161.09330566743836
ID_UXN3IWSC,164.04426364754116
ID_UY9CJO1O,158.37988011287797
ID_UYFL09IB,158.37988011287797
ID_UYGXSYZL,161.50036334289993
ID_UYOZSLW6,165.39213015241612
ID_UZ2AP39N,170.50144017075633
ID_UZ57EZHY,164.73733329334155
ID_UZFR21JW,167.0947800909007
ID_UZJ28LT9,168.51261338243808
ID_V0TCDNYD,164.73733329334155
ID_V14876MG,164.73733329334155
ID_V1GDMSFK,164.04426364754116
ID_V24ZH4PQ,164.73733329334155
ID_V2LWP0CR,162.00901158005098
ID_V2MVQRRG,158.37988011287797
ID_V3KULD75,163.90632591222564
ID_V4I5VKPO,165.39213015241612
ID_V5PR34U6,165.6594410806983
ID_V5SZ4NY1,166.8343536776792
ID_V63K0382,164.04426364754116
ID_V69PYYT0,169.67043278964042
ID_V6GRWCWF,163.90632591222564
ID_V6NTE7Y4,161.50036334289993
ID_V76LLCZ2,161.50036334289993
ID_V7OIQ5SN,161.50036334289993
ID_V872NOIH,161.01293166593996
ID_V91Y0JY8,161.50036334289993
ID_VA2SWP9M,161.15438529419674
ID_VAF4PO7W,165.4891596555164
ID_VAZSF9ZQ,158.76439215067865
ID_VBGMNP2O,161.50036334289993
ID_VBHKWQ9L,162.56341542543237
ID_VBQB0X4C,159.20802109093015
ID_VBR3DZ2O,163.64689090932657
ID_VC2PVSM2,164.73733329334155
ID_VC882JCL,161.15438529419674
ID_VC8FSNB1,161.50036334289993
ID_VCFZWJ6F,158.76439215067865
ID_VCYWGLL0,170.50144017075633
ID_VDGWC9BO,161.15438529419674
ID_VDS9G0GT,161.50036334289993
ID_VDW6ERR6,158.37988011287797
ID_VDY0HHZ6,169.24130765732735
ID_VEJC52WY,163.90632591222564
ID_VF7R5PTT,163.90632591222564
ID_VFDBM6G2,164.04426364754116
ID_VFFE8EOE,164.73733329334155
ID_VGCUMAQQ,169.67043278964042
ID_VHQAA0LJ,163.90632591222564
ID_VHSYXWIH,163.90632591222564
ID_VHZXVUJV,164.73733329334155
ID_VI14MD1M,161.50036334289993
ID_VI5SF73K,161.50036334289993
ID_VIES2NT0,167.0947800909007
ID_VIFHKU78,164.04426364754116
ID_VIPVIUGR,162.56341542543237
ID_VIUIEZRP,157.07775615535562
ID_VJOK5XGG,163.90632591222564
ID_VKDR049H,164.73733329334155
ID_VKVYVY3Y,166.55288058968205
ID_VKX88QUM,159.18713410176213
ID_VKY3ZRJT,163.90632591222564
ID_VKZHN5YL,161.15438529419674
ID_VLXVM915,163.90632591222564
ID_VMG2S4EC,158.37988011287797
ID_VMGWHLSM,164.73733329334155
ID_VMJDP1L0,164.04426364754116
ID_VMTG3X7F,163.90632591222564
ID_VN0O98IK,164.73733329334155
ID_VNCD4VVB,161.50036334289993
ID_VO9DIQ9D,169.67043278964042
ID_VP2F3O27,164.73733329334155
ID_VP989PY9,170.50144017075633
ID_VPNOSM68,162.56341542543237
ID_VPOR4X0S,161.50036334289993
ID_VQC1OO0M,161.50036334289993
ID_VQOPFZGO,161.16555529275982
ID_VS2NX9ZF,157.38482293595737
ID_VTPCK1TN,161.09330566743836
ID_VTVNN41R,163.90632591222564
ID_VUFDF7LZ,161.50036334289993
ID_VUPOT7QA,163.90632591222564
ID_VVZ7EPKP,169.3700516623236
ID_VXFME59K,163.90632591222564
ID_VY6Q0MX5,158.76439215067865
ID_VYITNR4W,161.50036334289993
ID_VYYRFPAK,162.52099501164784
ID_W0BE0FCQ,162.00901158005098
ID_W0DKS89M,161.50036334289993
ID_W18GE1S5,164.73733329334155
ID_W1UUI4KI,162.56341542543237
ID_W20NVZGE,159.1779428401296
ID_W245O521,161.15438529419674
ID_W37HG2CD,162.56341542543237
ID_W4FVWMCD,162.97376818902347
ID_W67W2ALI,163.60594478490881
ID_W7B3OZBI,162.56341542543237
ID_W7EYTOMF,161.01293166593996
ID_W7SO67QP,164.73733329334155
ID_W8XH8WKG,161.50036334289993
ID_W8YQIYYB,164.04426364754116
ID_W95CZZ89,162.56341542543237
ID_WA6XYIVF,164.73733329334155
ID_WAHTZC9R,161.50036334289993
ID_WAN1LPJZ,158.37988011287797
ID_WAOPOEKF,161.50036334289993
ID_WAP352PF,161.50036334289993
ID_WBIKW3BG,163.90632591222564
ID_WBVV3Z0U,158.76439215067865
ID_WC9IAE1V,158.37988011287797
ID_WCOZSB5S,161.50036334289993
ID_WE66VR6X,164.73733329334155
ID_WEA40358,161.50036334289993
ID_WEFQ3WKW,160.48101944096337
ID_WENDKYRZ,169.80837052495593
ID_WEQ3MSSX,164.73733329334155
ID_WF4ZLIYE,161.09330566743836
ID_WFT9EJ0H,161.50036334289993
ID_WG0TUEPO,161.50036334289993
ID_WG1LLWBW,164.73733329334155
ID_WG3MFLDZ,157.07775615535562
ID_WG6P64RM,164.73733329334155
ID_WH4ZVN84,161.50036334289993
ID_WII9FP14,164.73733329334155
ID_WIU83XH0,162.56341542543237
ID_WIYAPPNY,164.04426364754116
ID_WJ0FUXG6,162.56341542543237
ID_WJLIZ13N,161.16555529275982
ID_WJN2RBTU,161.15438529419674
ID_WK61GFH5,161.15438529419674
ID_WKT8LT8Q,164.04426364754116
ID_WLGV2XJA,161.16555529275982
ID_WLIAB95W,161.15438529419674
ID_WLQ1JWT9,161.09330566743836
ID_WM99MEHP,164.73733329334155
ID_WMGD2YXS,163.60594478490881
ID_WO2JNY80,161.50036334289993
ID_WO9R6GCN,165.4891596555164
ID_WOE962ZD,161.50036334289993
ID_WQ9EIXG1,161.50036334289993
ID_WQEFFPF3,164.73733329334155
ID_WQMW9BYP,166.41142696142526
ID_WR86RYZM,170.50144017075633
ID_WRPLJ47V,169.67043278964042
ID_WS3VWGA8,161.50036334289993
ID_WS4YDWZU,161.15438529419674
ID_WTI8167S,163.90632591222564
ID_WWHP44KQ,167.0947800909007
ID_WWNWRE54,158.37988011287797
ID_WWPPUPFB,161.50036334289993
ID_WXMTHJIA,161.16555529275982
ID_WXVLNSDK,164.46822175117364
ID_WXW42KOY,161.09330566743836
ID_WXXIARQM,161.50036334289993
ID_WYIR6ZBJ,163.90632591222564
ID_WYJ0M8EY,164.04426364754116
ID_WYK1NJI6,161.09330566743836
ID_WYXL5MLS,162.56341542543237
ID_WZ1YX4PV,158.37988011287797
ID_WZACGW2X,161.09330566743836
ID_WZERKZWJ,158.37988011287797
ID_WZHVNDOE,161.15438529419674
ID_WZN8Y3E4,169.80837052495593
ID_WZTHUYIL,161.09330566743836
ID_X06UVRRG,166.56405058824512
ID_X0AH9DV0,160.48101944096337
ID_X0CORQLB,162.29187156941958
ID_X0D2TXAZ,170.50144017075633
ID_X0DQJPKA,162.56341542543237
ID_X0GCNXXI,161.50036334289993
ID_X0PQLTXL,164.73733329334155
ID_X3OAQB5S,164.73733329334155
ID_X3P6SKUJ,158.37988011287797
ID_X4YQ6F5A,157.07775615535562
ID_X56CBJTL,166.55288058968205
ID_X5CMNU7Y,157.93378652574015
ID_X66493F9,157.93378652574015
ID_X6Z2WA5S,167.0947800909007
ID_X711VRVL,169.67043278964042
ID_X7SR80S8,161.50036334289993
ID_X8VFLUKH,164.73733329334155
ID_X9GQJIQG,161.50036334289993
ID_X9GX200C,162.56341542543237
ID_XA6U6DJ0,164.04426364754116
ID_XAMMDO68,163.90632591222564
ID_XB7LHVI6,161.50036334289993
ID_XB9WCLKZ,158.37988011287797
ID_XBP8YZBI,158.37988011287797
ID_XCJ4FKJB,161.50036334289993
ID_XDPTAV4N,162.29187156941958
ID_XDU7QOT7,161.09330566743836
ID_XEGT3AOB,163.90632591222564
ID_XFN62BS0,161.50036334289993
ID_XFR2PSRB,164.73733329334155
ID_XFVPO32X,164.04426364754116
ID_XG6UMPVK,161.50036334289993
ID_XGHJ58NC,167.0947800909007
ID_XGLWCSYN,161.50036334289993
ID_XGM17RVC,165.4891596555164
ID_XH5FF3RF,166.49180096292366
ID_XH8EVSZX,162.56341542543237
ID_XHAUPKAU,161.50036334289993
ID_XHL6S87P,159.1779428401296
ID_XHQ83KA7,164.73733329334155
ID_XHTWUO7X,164.04426364754116
ID_XI8DOXD7,161.50036334289993
ID_XI9NUYXE,167.0947800909007
ID_XIEQLS91,159.20802109093015
ID_XIS2XWTA,158.37988011287797
ID_XJV85Y1O,161.09330566743836
ID_XK46LVWE,161.50036334289993
ID_XK6TTP8A,161.15438529419674
ID_XKT1VI0B,165.39213015241612
ID_XLA12QE3,164.73733329334155
ID_XLXHSQLN,161.50036334289993
ID_XMFAXQD1,161.50036334289993
ID_XMXO4NN9,161.50036334289993
ID_XN0ZAQQB,161.15438529419674
ID_XN10SXZD,162.56341542543237
ID_XN3O8HZP,161.50036334289993
ID_XN9WTBY1,170.50144017075633
ID_XNC9WTAC,161.50036334289993
ID_XNSXFWTS,161.50036334289993
ID_XNXFWQ3B,161.09330566743836
ID_XO693RV7,161.50036334289993
ID_XO8E1HMR,159.18713410176213
ID_XOA9MCB7,161.50036334289993
ID_XOM33LIP,163.64689090932657
ID_XPNODY9F,161.09330566743836
ID_XPTE0EFB,165.39213015241612
ID_XQBSMX26,161.09330566743836
ID_XRBCNYVO,163.90632591222564
ID_XRUAG2MR,161.15438529419674
ID_XSD9FU0Q,161.50036334289993
ID_XT499ZPA,158.37988011287797
ID_XTH8V84D,161.50036334289993
ID_XTNBFQEN,163.90632591222564
ID_XURNYXYJ,161.50036334289993
ID_XUZ7R909,159.91705217443695
ID_XV1O3SZP,166.49180096292366
ID_XWBKJNWL,166.56405058824512
ID_XWNNPUEK,161.50036334289993
ID_XWW0JED0,161.50036334289993
ID_XWZRUC69,161.01293166593996
ID_XX76LLU0,164.04426364754116
ID_XXAFJ1FJ,157.07775615535562
ID_XXDE7DBK,160.48101944096337
ID_XXLJ4R3I,161.50036334289993
ID_XXVOY8SL,164.04426364754116
ID_XY84705D,163.90632591222564
ID_XZ3KH3B9,161.15438529419674
ID_XZJCIO6E,165.74152361958897
ID_Y00W71M7,164.73733329334155
ID_Y0487A3A,158.37988011287797
ID_Y0MOLTLU,161.50036334289993
ID_Y1KU7LVP,164.73733329334155
ID_Y1WE5C7I,164.73733329334155
ID_Y38L9OQW,161.50036334289993
ID_Y3PDJN10,161.15438529419674
ID_Y3R1R4G9,164.73733329334155
ID_Y3YY9PD9,162.56341542543237
ID_Y4B2IINR,162.56341542543237
ID_Y4COKX6H,161.15438529419674
ID_Y4R23WBK,165.74152361958897
ID_Y5434OPF,164.04426364754116
ID_Y5T1VF0B,163.71137069494725
ID_Y68HHW23,169.67043278964042
ID_Y6PXBHCX,158.37988011287797
ID_Y6UUM6AM,161.09330566743836
ID_Y7CGJ1MO,163.60594478490881
ID_Y7QSF5GO,164.73733329334155
ID_Y7W2D499,163.90632591222564
ID_Y8TDOIKJ,161.50036334289993
ID_Y8TRY5WH,164.73733329334155
ID_YAMTZNQH,163.90632591222564
ID_YB1MYEK0,164.04426364754116
ID_YCZTZCR5,163.64689090932657
ID_YD98J4RF,161.09330566743836
ID_YDIET5J9,165.39213015241612
ID_YEE23SAQ,164.04426364754116
ID_YEEHCSMV,164.73733329334155
ID_YF20HJGN,163.90632591222564
ID_YFKTHT8Z,164.04426364754116
ID_YG3OU6H4,163.90632591222564
ID_YH7KCK4C,162.97376818902347
ID_YHK49VN6,158.76439215067865
ID_YHY1ULWA,159.1779428401296
ID_YI5ZJMCT,164.73733329334155
ID_YIKMQ4II,158.37988011287797
ID_YK1U1JRH,158.37988011287797
ID_YL8TNDS9,161.50036334289993
ID_YLIL8GZC,164.04426364754116
ID_YMUWWF6Q,158.37988011287797
ID_YMV281RB,161.50036334289993
ID_YMVTMVKN,164.73733329334155
ID_YN5PUWAS,158.37988011287797
ID_YOOBGDSC,161.50036334289993
ID_YOSC9EZL,161.50036334289993
ID_YOZ014I0,161.15438529419674
ID_YP8G7BFM,158.37988011287797
ID_YPR8XDW6,162.00901158005098
ID_YQRCWQKI,164.73733329334155
ID_YRSQEMKB,164.73733329334155
ID_YRWXJ41M,161.50036334289993
ID_YRZB8WOV,164.04426364754116
ID_YSL8HNP1,161.50036334289993
ID_YT30PPJS,164.04426364754116
ID_YTT2V73Z,159.278251113199
ID_YU1LOQV6,163.90632591222564
ID_YUBSKFU8,163.64689090932657
ID_YUR9ZSFF,161.15438529419674
ID_YX9GJHDS,161.50036334289993
ID_YXEAP58E,162.56341542543237
ID_YXF7LKGM,168.51261338243808
ID_YXMQ5AA8,170.50144017075633
ID_YXOEZFNN,164.73733329334155
ID_YZ2Q9OYZ,158.37988011287797
ID_YZDFSD0Q,161.15438529419674
ID_YZFQDD31,171.42354795811306
ID_Z02A2D53,163.90632591222564
ID_Z0ZGQHWF,163.90632591222564
ID_Z27DSJY6,161.50036334289993
ID_Z2ZT26AD,163.71137069494725
ID_Z3BCB9X4,161.50036334289993
ID_Z3IP0ZLK,167.40750687553628
ID_Z43DT1LN,161.50036334289993
ID_Z4JYFER0,158.37988011287797
ID_Z5C82U6O,170.50144017075633
ID_Z5D1D35G,161.15438529419674
ID_Z5PEPOKB,161.50036334289993
ID_Z5ZUHU4P,163.64689090932657
ID_Z75WBAQI,165.74152361958897
ID_Z7CFACKK,165.74152361958897
ID_Z7V9553N,163.90632591222564
ID_Z7XI5QVJ,161.50036334289993
ID_Z82TO37X,164.73733329334155
ID_Z89TZWUH,162.29187156941958
ID_Z9JJRRCZ,161.50036334289993
ID_Z9O38O8M,161.50036334289993
ID_Z9UNHEUX,171.50563049700375
ID_ZAVTZWH3,161.50036334289993
ID_ZBTF50A5,159.18713410176213
ID_ZCP19T2A,165.6594410806983
ID_ZDDS43VE,161.50036334289993
ID_ZDNXATA4,159.18713410176213
ID_ZE76EQO9,161.16555529275982
ID_ZEK37ZLB,168.51261338243808
ID_ZEROD0EB,161.16555529275982
ID_ZEYUVQW5,169.67043278964042
ID_ZEZ3FQVD,164.73733329334155
ID_ZFESAJDO,170.50144017075633
ID_ZFK5RD2K,157.07775615535562
ID_ZGABDOAV,163.71137069494725
ID_ZGCN4FH1,164.73733329334155
ID_ZGHLOUW6,163.90632591222564
ID_ZHZJT77T,164.73733329334155
ID_ZI7E3MDH,161.15438529419674
ID_ZIGL64ZT,169.3700516623236
ID_ZILPVPDQ,161.09330566743836
ID_ZJPAB8D5,172.59846055509396
ID_ZJSUGAW6,158.37988011287797
ID_ZKCCJDDP,164.04426364754116
ID_ZKDYAUIK,160.48101944096337
ID_ZL5Q69OO,161.50036334289993
ID_ZLHVXQ4N,164.04426364754116
ID_ZMYQZVU9,163.90632591222564
ID_ZNTDH93N,162.97376818902347
ID_ZNU4C9HS,159.60000931420836
ID_ZOFF0W3M,161.50036334289993
ID_ZOP4AV6K,163.90632591222564
ID_ZOU0PRJ7,161.50036334289993
ID_ZPHWK76G,166.56405058824512
ID_ZPYMRYLS,164.73733329334155
ID_ZRLTYK1F,165.39213015241612
ID_ZSM7M7XK,161.50036334289993
ID_ZTP1R39M,170.50144017075633
ID_ZU9F3J8T,161.50036334289993
ID_ZUTMO4UV,166.8343536776792
ID_ZVL1ZTMB,161.50036334289993
ID_ZW2WKRVB,164.73733329334155
ID_ZW5RSNUS,164.04426364754116
ID_ZWCI817N,169.80837052495593
ID_ZX5858FJ,161.50036334289993
ID_ZY4XOL2H,158.37988011287797
ID_ZYTEVEBR,164.04426364754116
