ID,target
ID_00241643,0
ID_00312043,0
ID_00345323,0
ID_00369643,0
ID_00381163,0
ID_00383723,0
ID_00395243,0
ID_00404203,0
ID_00406763,0
ID_00450283,0
ID_00505323,0
ID_00562923,0
ID_00574443,0
ID_00584683,0
ID_00634603,0
ID_00669163,0
ID_00674283,0
ID_00712683,0
ID_00715243,0
ID_00749803,0
ID_00761323,0
ID_00770283,0
ID_00779243,0
ID_00804843,0
ID_00812523,0
ID_00813803,0
ID_00824043,0
ID_00839403,0
ID_00925163,0
ID_00929003,0
ID_00931563,0
ID_00934123,0
ID_00943083,0
ID_00986603,0
ID_01000683,0
ID_01005803,0
ID_01009643,0
ID_01063403,0
ID_01260523,0
ID_01274603,0
ID_01375723,0
ID_01419243,0
ID_01430763,0
ID_01433323,0
ID_01465323,0
ID_01467883,0
ID_01474283,0
ID_01507563,0
ID_01554923,0
ID_01577963,0
ID_01597163,0
ID_01617643,0
ID_01620203,0
ID_01656043,0
ID_01658603,0
ID_01693163,0
ID_01753323,0
ID_01796843,0
ID_01828843,0
ID_01840363,0
ID_01863403,0
ID_01905643,0
ID_01928683,0
ID_02064363,0
ID_02068203,0
ID_02226923,0
ID_02241003,0
ID_02280683,0
ID_02326763,0
ID_02344683,0
ID_02408683,0
ID_02422763,0
ID_02434283,0
ID_02443243,0
ID_02453483,0
ID_02466283,0
ID_02508523,0
ID_02554603,0
ID_02567403,0
ID_02569963,0
ID_02589163,0
ID_02604523,0
ID_02616043,0
ID_02636523,0
ID_02708203,0
ID_02806763,0
ID_02886123,0
ID_02889963,0
ID_02909163,0
ID_02956523,0
ID_02959083,0
ID_03014123,0
ID_03057643,0
ID_03076843,0
ID_03092203,0
ID_03094763,0
ID_03102443,0
ID_03180523,0
ID_03184363,0
ID_03212523,0
ID_03249643,0
ID_03253483,0
ID_03258603,0
ID_03267563,0
ID_03302123,0
ID_03307243,0
ID_03330283,0
ID_03357163,0
ID_03389163,0
ID_03446763,0
ID_03455723,0
ID_03458283,0
ID_03481323,0
ID_03483883,0
ID_03500523,0
ID_03535083,0
ID_03541483,0
ID_03547883,0
ID_03561963,0
ID_03640043,0
ID_03651563,0
ID_03654123,0
ID_03677163,0
ID_03688683,0
ID_03706603,0
ID_03728363,0
ID_03774443,0
ID_03778283,0
ID_03794923,0
ID_03841003,0
ID_03884523,0
ID_03925483,0
ID_03971563,0
ID_03979243,0
ID_03994603,0
ID_04006123,0
ID_04022763,0
ID_04025323,0
ID_04040683,0
ID_04086763,0
ID_04091883,0
ID_04109803,0
ID_04114923,0
ID_04116203,0
ID_04127723,0
ID_04130283,0
ID_04164843,0
ID_04185323,0
ID_04193003,0
ID_04201963,0
ID_04218603,0
ID_04262123,0
ID_04268523,0
ID_04273643,0
ID_04312043,0
ID_04328683,0
ID_04335083,0
ID_04365803,0
ID_04367083,0
ID_04411883,0
ID_04459243,0
ID_04461803,0
ID_04513003,0
ID_04524523,0
ID_04606443,0
ID_04639723,0
ID_04664043,0
ID_04710123,0
ID_04740843,0
ID_04775403,0
ID_04809963,0
ID_04821483,0
ID_04827883,0
ID_04834283,0
ID_04868843,0
ID_04891883,0
ID_04926443,0
ID_04952043,0
ID_04991723,0
ID_05009643,0
ID_05072363,0
ID_05090283,0
ID_05095403,0
ID_05099243,0
ID_05108203,0
ID_05110763,0
ID_05119723,0
ID_05196523,0
ID_05223403,0
ID_05237483,0
ID_05246443,0
ID_05419243,0
ID_05424363,0
ID_05497323,0
ID_05505003,0
ID_05508843,0
ID_05540843,0
ID_05543403,0
ID_05562603,0
ID_05575403,0
ID_05608683,0
ID_05635563,0
ID_05679083,0
ID_05702123,0
ID_05709803,0
ID_05732843,0
ID_05745643,0
ID_05755883,0
ID_05776363,0
ID_05929963,0
ID_05938923,0
ID_05941483,0
ID_05950443,0
ID_05964523,0
ID_05987563,0
ID_06010603,0
ID_06031083,0
ID_06061803,0
ID_06064363,0
ID_06084843,0
ID_06171883,0
ID_06212843,0
ID_06257643,0
ID_06261483,0
ID_06281963,0
ID_06303723,0
ID_06385643,0
ID_06406123,0
ID_06445803,0
ID_06454763,0
ID_06477803,0
ID_06485483,0
ID_06512363,0
ID_06599403,0
ID_06610923,0
ID_06622443,0
ID_06633963,0
ID_06667243,0
ID_06703083,0
ID_06708203,0
ID_06717163,0
ID_06751723,0
ID_06791403,0
ID_06818283,0
ID_06827243,0
ID_06872043,0
ID_06873323,0
ID_06898923,0
ID_06919403,0
ID_06921963,0
ID_06952683,0
ID_07019243,0
ID_07034603,0
ID_07037163,0
ID_07039723,0
ID_07046123,0
ID_07048683,0
ID_07057643,0
ID_07089643,0
ID_07115243,0
ID_07135723,0
ID_07138283,0
ID_07145963,0
ID_07169003,0
ID_07193323,0
ID_07224043,0
ID_07241963,0
ID_07293163,0
ID_07304683,0
ID_07368683,0
ID_07400683,0
ID_07409643,0
ID_07483883,0
ID_07573483,0
ID_07585003,0
ID_07591403,0
ID_07628523,0
ID_07663083,0
ID_07764203,0
ID_07773163,0
ID_07783403,0
ID_07803883,0
ID_07829483,0
ID_07853803,0
ID_07876843,0
ID_07902443,0
ID_07992043,0
ID_08015083,0
ID_08045803,0
ID_08057323,0
ID_08080363,0
ID_08176363,0
ID_08185323,0
ID_08219883,0
ID_08239083,0
ID_08277483,0
ID_08285163,0
ID_08331243,0
ID_08355563,0
ID_08363243,0
ID_08424683,0
ID_08438763,0
ID_08450283,0
ID_08461803,0
ID_08516843,0
ID_08577003,0
ID_08591083,0
ID_08614123,0
ID_08617963,0
ID_08649963,0
ID_08683243,0
ID_08752363,0
ID_08868843,0
ID_08894443,0
ID_08926443,0
ID_08984043,0
ID_08989163,0
ID_09021163,0
ID_09062123,0
ID_09064683,0
ID_09099243,0
ID_09104363,0
ID_09117163,0
ID_09150443,0
ID_09223403,0
ID_09243883,0
ID_09304043,0
ID_09310443,0
ID_09315563,0
ID_09336043,0
ID_09373163,0
ID_09391083,0
ID_09393643,0
ID_09401323,0
ID_09405163,0
ID_09416683,0
ID_09467883,0
ID_09520363,0
ID_09529323,0
ID_09537003,0
ID_09538283,0
ID_09560043,0
ID_09572843,0
ID_09577963,0
ID_09598443,0
ID_09704683,0
ID_09718763,0
ID_09725163,0
ID_09776363,0
ID_09787883,0
ID_09799403,0
ID_09805803,0
ID_09946603,0
ID_09958123,0
ID_09961963,0
ID_09981163,0
ID_09985003,0
ID_10015723,0
ID_10056683,0
ID_10061803,0
ID_10119403,0
ID_10203883,0
ID_10247403,0
ID_10289643,0
ID_10296043,0
ID_10316523,0
ID_10362603,0
ID_10454763,0
ID_10475243,0
ID_10482923,0
ID_10495723,0
ID_10540523,0
ID_10541803,0
ID_10590443,0
ID_10687723,0
ID_10694123,0
ID_10703083,0
ID_10722283,0
ID_10768363,0
ID_10792683,0
ID_10838763,0
ID_10864363,0
ID_10873323,0
ID_10893803,0
ID_10953963,0
ID_10961643,0
ID_10965483,0
ID_10988523,0
ID_11002603,0
ID_11158763,0
ID_11170283,0
ID_11239403,0
ID_11343083,0
ID_11372523,0
ID_11405803,0
ID_11409643,0
ID_11467243,0
ID_11472363,0
ID_11506923,0
ID_11547883,0
ID_11576043,0
ID_11634923,0
ID_11649003,0
ID_11674603,0
ID_11688683,0
ID_11734763,0
ID_11787243,0
ID_11789803,0
ID_11816683,0
ID_11819243,0
ID_11844843,0
ID_11876843,0
ID_11916523,0
ID_11954923,0
ID_11962603,0
ID_12003563,0
ID_12031723,0
ID_12047083,0
ID_12079083,0
ID_12084203,0
ID_12148203,0
ID_12169963,0
ID_12259563,0
ID_12263403,0
ID_12272363,0
ID_12282603,0
ID_12295403,0
ID_12309483,0
ID_12318443,0
ID_12445163,0
ID_12450283,0
ID_12468203,0
ID_12510443,0
ID_12523243,0
ID_12539883,0
ID_12603883,0
ID_12649963,0
ID_12698603,0
ID_12705003,0
ID_12738283,0
ID_12799723,0
ID_12841963,0
ID_12897003,0
ID_12914923,0
ID_12961003,0
ID_13000683,0
ID_13004523,0
ID_13067243,0
ID_13073643,0
ID_13076203,0
ID_13101803,0
ID_13110763,0
ID_13140203,0
ID_13223403,0
ID_13225963,0
ID_13263083,0
ID_13275883,0
ID_13304043,0
ID_13306603,0
ID_13423083,0
ID_13448683,0
ID_13467883,0
ID_13469163,0
ID_13479403,0
ID_13506283,0
ID_13515243,0
ID_13520363,0
ID_13586923,0
ID_13595883,0
ID_13604843,0
ID_13615083,0
ID_13649643,0
ID_13662443,0
ID_13676523,0
ID_13688043,0
ID_13730283,0
ID_13741803,0
ID_13768683,0
ID_13785323,0
ID_13789163,0
ID_13817323,0
ID_13842923,0
ID_13854443,0
ID_13889003,0
ID_13897963,0
ID_13900523,0
ID_13906923,0
ID_13912043,0
ID_13913323,0
ID_13927403,0
ID_13990123,0
ID_14059243,0
ID_14128363,0
ID_14141163,0
ID_14152683,0
ID_14178283,0
ID_14194923,0
ID_14203883,0
ID_14252523,0
ID_14273003,0
ID_14288363,0
ID_14313963,0
ID_14322923,0
ID_14339563,0
ID_14351083,0
ID_14454763,0
ID_14480363,0
ID_14549483,0
ID_14562283,0
ID_14599403,0
ID_14630123,0
ID_14633963,0
ID_14645483,0
ID_14719723,0
ID_14723563,0
ID_14735083,0
ID_14737643,0
ID_14788843,0
ID_14806763,0
ID_14827243,0
ID_14869483,0
ID_14928363,0
ID_14988523,0
ID_15006443,0
ID_15009003,0
ID_15074283,0
ID_15152363,0
ID_15181803,0
ID_15188203,0
ID_15190763,0
ID_15236843,0
ID_15245803,0
ID_15313643,0
ID_15325163,0
ID_15398123,0
ID_15403243,0
ID_15439083,0
ID_15496683,0
ID_15556843,0
ID_15614443,0
ID_15631083,0
ID_15666923,0
ID_15706603,0
ID_15709163,0
ID_15746283,0
ID_15766763,0
ID_15784683,0
ID_15805163,0
ID_15828203,0
ID_15830763,0
ID_15835883,0
ID_15839723,0
ID_15851243,0
ID_15858923,0
ID_15951083,0
ID_15952363,0
ID_15974123,0
ID_15977963,0
ID_16012523,0
ID_16021483,0
ID_16088043,0
ID_16111083,0
ID_16113643,0
ID_16130283,0
ID_16132843,0
ID_16139243,0
ID_16190443,0
ID_16196843,0
ID_16205803,0
ID_16213483,0
ID_16222443,0
ID_16249323,0
ID_16295403,0
ID_16387563,0
ID_16399083,0
ID_16422123,0
ID_16493803,0
ID_16500203,0
ID_16525803,0
ID_16601323,0
ID_16661483,0
ID_16739563,0
ID_16770283,0
ID_16785643,0
ID_16793323,0
ID_16820203,0
ID_16836843,0
ID_16862443,0
ID_16889323,0
ID_16900843,0
ID_16937963,0
ID_16998123,0
ID_16999403,0
ID_17010923,0
ID_17016043,0
ID_17050603,0
ID_17117163,0
ID_17227243,0
ID_17229803,0
ID_17275883,0
ID_17341163,0
ID_17352683,0
ID_17373163,0
ID_17396203,0
ID_17437163,0
ID_17460203,0
ID_17469163,0
ID_17478123,0
ID_17492203,0
ID_17520363,0
ID_17543403,0
ID_17635563,0
ID_17639403,0
ID_17658603,0
ID_17659883,0
ID_17662443,0
ID_17681643,0
ID_17682923,0
ID_17685483,0
ID_17708523,0
ID_17743083,0
ID_17892843,0
ID_17901803,0
ID_17927403,0
ID_17968363,0
ID_17987563,0
ID_17991403,0
ID_18002923,0
ID_18031083,0
ID_18077163,0
ID_18095083,0
ID_18187243,0
ID_18189803,0
ID_18201323,0
ID_18261483,0
ID_18288363,0
ID_18299883,0
ID_18307563,0
ID_18311403,0
ID_18365163,0
ID_18380523,0
ID_18389483,0
ID_18412523,0
ID_18435563,0
ID_18458603,0
ID_18461163,0
ID_18616043,0
ID_18631403,0
ID_18663403,0
ID_18694123,0
ID_18740203,0
ID_18744043,0
ID_18781163,0
ID_18861803,0
ID_18901483,0
ID_18983403,0
ID_19041003,0
ID_19043563,0
ID_19073003,0
ID_19084523,0
ID_19101163,0
ID_19121643,0
ID_19142123,0
ID_19144683,0
ID_19161323,0
ID_19184363,0
ID_19207403,0
ID_19236843,0
ID_19254763,0
ID_19317483,0
ID_19372523,0
ID_19404523,0
ID_19439083,0
ID_19485163,0
ID_19494123,0
ID_19517163,0
ID_19600363,0
ID_19611883,0
ID_19634923,0
ID_19657963,0
ID_19678443,0
ID_19713003,0
ID_19773163,0
ID_19890923,0
ID_19952363,0
ID_20006123,0
ID_20026603,0
ID_20067563,0
ID_20072683,0
ID_20107243,0
ID_20118763,0
ID_20143083,0
ID_20166123,0
ID_20191723,0
ID_20235243,0
ID_20315883,0
ID_20350443,0
ID_20369643,0
ID_20405483,0
ID_20415723,0
ID_20470763,0
ID_20507883,0
ID_20546283,0
ID_20578283,0
ID_20633323,0
ID_20656363,0
ID_20666603,0
ID_20673003,0
ID_20675563,0
ID_20725483,0
ID_20788203,0
ID_20790763,0
ID_20797163,0
ID_20825323,0
ID_20861163,0
ID_20872683,0
ID_20875243,0
ID_20932843,0
ID_20944363,0
ID_20952043,0
ID_20987883,0
ID_21018603,0
ID_21048043,0
ID_21076203,0
ID_21112043,0
ID_21114603,0
ID_21172203,0
ID_21293803,0
ID_21345003,0
ID_21359083,0
ID_21455083,0
ID_21485803,0
ID_21616363,0
ID_21644523,0
ID_21648363,0
ID_21659883,0
ID_21690603,0
ID_21717483,0
ID_21720043,0
ID_21731563,0
ID_21740523,0
ID_21748203,0
ID_21782763,0
ID_21855723,0
ID_21887723,0
ID_21890283,0
ID_21956843,0
ID_21965803,0
ID_21968363,0
ID_22005483,0
ID_22127083,0
ID_22221803,0
ID_22224363,0
ID_22296043,0
ID_22308843,0
ID_22322923,0
ID_22366443,0
ID_22433003,0
ID_22444523,0
ID_22481643,0
ID_22486763,0
ID_22504683,0
ID_22605803,0
ID_22626283,0
ID_22660843,0
ID_22683883,0
ID_22806763,0
ID_22948843,0
ID_22971883,0
ID_22979563,0
ID_22994923,0
ID_23029483,0
ID_23046123,0
ID_23061483,0
ID_23066603,0
ID_23262443,0
ID_23285483,0
ID_23294443,0
ID_23308523,0
ID_23331563,0
ID_23384043,0
ID_23390443,0
ID_23409643,0
ID_23427563,0
ID_23432683,0
ID_23435243,0
ID_23448043,0
ID_23453163,0
ID_23501803,0
ID_23517163,0
ID_23583723,0
ID_23593963,0
ID_23617003,0
ID_23672043,0
ID_23759083,0
ID_23764203,0
ID_23791083,0
ID_23798763,0
ID_23844843,0
ID_23957483,0
ID_23963883,0
ID_24018923,0
ID_24030443,0
ID_24072683,0
ID_24085483,0
ID_24108523,0
ID_24111083,0
ID_24118763,0
ID_24130283,0
ID_24131563,0
ID_24134123,0
ID_24154603,0
ID_24177643,0
ID_24200683,0
ID_24283883,0
ID_24335083,0
ID_24431083,0
ID_24442603,0
ID_24454123,0
ID_24493803,0
ID_24497643,0
ID_24537323,0
ID_24574443,0
ID_24594923,0
ID_24606443,0
ID_24610283,0
ID_24621803,0
ID_24635883,0
ID_24638443,0
ID_24690923,0
ID_24716523,0
ID_24733163,0
ID_24760043,0
ID_24765163,0
ID_24774123,0
ID_24794603,0
ID_24829163,0
ID_24849643,0
ID_24886763,0
ID_24895723,0
ID_24903403,0
ID_24927723,0
ID_24930283,0
ID_24962283,0
ID_24969963,0
ID_25007083,0
ID_25010923,0
ID_25050603,0
ID_25091563,0
ID_25109483,0
ID_25114603,0
ID_25131243,0
ID_25132523,0
ID_25137643,0
ID_25167083,0
ID_25177323,0
ID_25178603,0
ID_25215723,0
ID_25250283,0
ID_25278443,0
ID_25282283,0
ID_25289963,0
ID_25333483,0
ID_25360363,0
ID_25362923,0
ID_25420523,0
ID_25434603,0
ID_25446123,0
ID_25462763,0
ID_25478123,0
ID_25510123,0
ID_25512683,0
ID_25552363,0
ID_25567723,0
ID_25645803,0
ID_25653483,0
ID_25657323,0
ID_25679083,0
ID_25691883,0
ID_25725163,0
ID_25777643,0
ID_25780203,0
ID_25844203,0
ID_25858283,0
ID_25873643,0
ID_25915883,0
ID_25947883,0
ID_25961963,0
ID_25973483,0
ID_26008043,0
ID_26032363,0
ID_26054123,0
ID_26066923,0
ID_26077163,0
ID_26088683,0
ID_26115563,0
ID_26120683,0
ID_26155243,0
ID_26173163,0
ID_26235883,0
ID_26247403,0
ID_26262763,0
ID_26265323,0
ID_26293483,0
ID_26306283,0
ID_26389483,0
ID_26394603,0
ID_26440683,0
ID_26447083,0
ID_26467563,0
ID_26511083,0
ID_26513643,0
ID_26525163,0
ID_26536683,0
ID_26548203,0
ID_26567403,0
ID_26585323,0
ID_26614763,0
ID_26622443,0
ID_26637803,0
ID_26695403,0
ID_26706923,0
ID_26714603,0
ID_26755563,0
ID_26801643,0
ID_26847723,0
ID_26905323,0
ID_26939883,0
ID_26966763,0
ID_27046123,0
ID_27047403,0
ID_27049963,0
ID_27073003,0
ID_27089643,0
ID_27105003,0
ID_27107563,0
ID_27112683,0
ID_27174123,0
ID_27185643,0
ID_27206123,0
ID_27222763,0
ID_27231723,0
ID_27257323,0
ID_27259883,0
ID_27277803,0
ID_27332843,0
ID_27355883,0
ID_27398123,0
ID_27444203,0
ID_27490283,0
ID_27533803,0
ID_27706603,0
ID_27729643,0
ID_27761643,0
ID_27765483,0
ID_27770603,0
ID_27773163,0
ID_27796203,0
ID_27832043,0
ID_27843563,0
ID_27857643,0
ID_27892203,0
ID_27899883,0
ID_27926763,0
ID_27934443,0
ID_27938283,0
ID_27984363,0
ID_27993323,0
ID_28007403,0
ID_28094443,0
ID_28105963,0
ID_28113643,0
ID_28157163,0
ID_28189163,0
ID_28299243,0
ID_28336363,0
ID_28341483,0
ID_28350443,0
ID_28399083,0
ID_28472043,0
ID_28474603,0
ID_28491243,0
ID_28515563,0
ID_28520683,0
ID_28538603,0
ID_28550123,0
ID_28560363,0
ID_28573163,0
ID_28580843,0
ID_28601323,0
ID_28606443,0
ID_28661483,0
ID_28743403,0
ID_28780523,0
ID_28789483,0
ID_28857323,0
ID_28872683,0
ID_28993003,0
ID_29059563,0
ID_29190123,0
ID_29224683,0
ID_29238763,0
ID_29243883,0
ID_29255403,0
ID_29278443,0
ID_29328363,0
ID_29333483,0
ID_29336043,0
ID_29351403,0
ID_29368043,0
ID_29397483,0
ID_29556203,0
ID_29602283,0
ID_29659883,0
ID_29668843,0
ID_29676523,0
ID_29711083,0
ID_29749483,0
ID_29757163,0
ID_29768683,0
ID_29777643,0
ID_29786603,0
ID_29864683,0
ID_29869803,0
ID_29881323,0
ID_29965803,0
ID_29968363,0
ID_30081003,0
ID_30156523,0
ID_30205163,0
ID_30216683,0
ID_30224363,0
ID_30248683,0
ID_30288363,0
ID_30340843,0
ID_30470123,0
ID_30479083,0
ID_30490603,0
ID_30541803,0
ID_30554603,0
ID_30576363,0
ID_30577643,0
ID_30610923,0
ID_30631403,0
ID_30649323,0
ID_30773483,0
ID_30804203,0
ID_30882283,0
ID_30896363,0
ID_30900203,0
ID_30955243,0
ID_30957803,0
ID_30962923,0
ID_30974443,0
ID_30989803,0
ID_31001323,0
ID_31012843,0
ID_31021803,0
ID_31073003,0
ID_31142123,0
ID_31171563,0
ID_31226603,0
ID_31282923,0
ID_31286763,0
ID_31298283,0
ID_31317483,0
ID_31352043,0
ID_31364843,0
ID_31376363,0
ID_31413483,0
ID_31427563,0
ID_31465963,0
ID_31482603,0
ID_31510763,0
ID_31514603,0
ID_31558123,0
ID_31583723,0
ID_31615723,0
ID_31721963,0
ID_31738603,0
ID_31745003,0
ID_31866603,0
ID_31885803,0
ID_31933163,0
ID_31966443,0
ID_31975403,0
ID_31977963,0
ID_31989483,0
ID_31998443,0
ID_32108523,0
ID_32136683,0
ID_32137963,0
ID_32143083,0
ID_32172523,0
ID_32240363,0
ID_32283883,0
ID_32333803,0
ID_32347883,0
ID_32422123,0
ID_32433643,0
ID_32437483,0
ID_32451563,0
ID_32472043,0
ID_32511723,0
ID_32515563,0
ID_32616683,0
ID_32766443,0
ID_32786923,0
ID_32820203,0
ID_32824043,0
ID_32875243,0
ID_32884203,0
ID_32923883,0
ID_33025003,0
ID_33051883,0
ID_33063403,0
ID_33072363,0
ID_33144043,0
ID_33149163,0
ID_33242603,0
ID_33254123,0
ID_33265643,0
ID_33287403,0
ID_33314283,0
ID_33406443,0
ID_33446123,0
ID_33473003,0
ID_33481963,0
ID_33484523,0
ID_33493483,0
ID_33505003,0
ID_33519083,0
ID_33542123,0
ID_33556203,0
ID_33567723,0
ID_33602283,0
ID_33698283,0
ID_33703403,0
ID_33721323,0
ID_33744363,0
ID_33746923,0
ID_33755883,0
ID_33769963,0
ID_33800683,0
ID_33825003,0
ID_33882603,0
ID_33901803,0
ID_33913323,0
ID_33937643,0
ID_33960683,0
ID_34005483,0
ID_34028523,0
ID_34041323,0
ID_34083563,0
ID_34095083,0
ID_34101483,0
ID_34106603,0
ID_34115563,0
ID_34121963,0
ID_34129643,0
ID_34141163,0
ID_34177003,0
ID_34193643,0
ID_34210283,0
ID_34230763,0
ID_34294763,0
ID_34306283,0
ID_34345963,0
ID_34349803,0
ID_34361323,0
ID_34369003,0
ID_34380523,0
ID_34392043,0
ID_34438123,0
ID_34439403,0
ID_34447083,0
ID_34462443,0
ID_34472683,0
ID_34484203,0
ID_34557163,0
ID_34655723,0
ID_34697963,0
ID_34700523,0
ID_34715883,0
ID_34747883,0
ID_34750443,0
ID_34825963,0
ID_34840043,0
ID_34859243,0
ID_34870763,0
ID_34905323,0
ID_34909163,0
ID_34920683,0
ID_34983403,0
ID_34994923,0
ID_35010283,0
ID_35070443,0
ID_35079403,0
ID_35088363,0
ID_35090923,0
ID_35116523,0
ID_35148523,0
ID_35157483,0
ID_35249643,0
ID_35280363,0
ID_35281643,0
ID_35295723,0
ID_35307243,0
ID_35407083,0
ID_35419883,0
ID_35457003,0
ID_35465963,0
ID_35512043,0
ID_35514603,0
ID_35567083,0
ID_35627243,0
ID_35636203,0
ID_35693803,0
ID_35725803,0
ID_35728363,0
ID_35768043,0
ID_35777003,0
ID_35805163,0
ID_35834603,0
ID_35869163,0
ID_35976683,0
ID_35988203,0
ID_35990763,0
ID_36002283,0
ID_36022763,0
ID_36039403,0
ID_36044523,0
ID_36050923,0
ID_36059883,0
ID_36099563,0
ID_36108523,0
ID_36120043,0
ID_36181483,0
ID_36191723,0
ID_36204523,0
ID_36237803,0
ID_36241643,0
ID_36262123,0
ID_36287723,0
ID_36308203,0
ID_36336363,0
ID_36393963,0
ID_36408043,0
ID_36411883,0
ID_36419563,0
ID_36420843,0
ID_36443883,0
ID_36469483,0
ID_36504043,0
ID_36524523,0
ID_36538603,0
ID_36546283,0
ID_36598763,0
ID_36624363,0
ID_36660203,0
ID_36670443,0
ID_36685803,0
ID_36690923,0
ID_36697323,0
ID_36751083,0
ID_36763883,0
ID_36817643,0
ID_36852203,0
ID_36856043,0
ID_36875243,0
ID_36890603,0
ID_36945643,0
ID_37001963,0
ID_37010923,0
ID_37091563,0
ID_37103083,0
ID_37109483,0
ID_37138923,0
ID_37141483,0
ID_37158123,0
ID_37161963,0
ID_37185003,0
ID_37296363,0
ID_37307883,0
ID_37309163,0
ID_37314283,0
ID_37320683,0
ID_37325803,0
ID_37342443,0
ID_37353963,0
ID_37406443,0
ID_37441003,0
ID_37446123,0
ID_37481963,0
ID_37489643,0
ID_37558763,0
ID_37576683,0
ID_37585643,0
ID_37639403,0
ID_37640683,0
ID_37645803,0
ID_37654763,0
ID_37682923,0
ID_37717483,0
ID_37763563,0
ID_37775083,0
ID_37790443,0
ID_37809643,0
ID_37848043,0
ID_37864683,0
ID_37867243,0
ID_37919723,0
ID_37933803,0
ID_37940203,0
ID_37974763,0
ID_38037483,0
ID_38041323,0
ID_38050283,0
ID_38072043,0
ID_38083563,0
ID_38104043,0
ID_38119403,0
ID_38150123,0
ID_38184683,0
ID_38220523,0
ID_38237163,0
ID_38331883,0
ID_38347243,0
ID_38363883,0
ID_38441963,0
ID_38497003,0
ID_38517483,0
ID_38522603,0
ID_38617323,0
ID_38632683,0
ID_38649323,0
ID_38653163,0
ID_38764523,0
ID_38770923,0
ID_38776043,0
ID_38791403,0
ID_38828523,0
ID_38833643,0
ID_38865643,0
ID_38868203,0
ID_38952683,0
ID_38998763,0
ID_39021803,0
ID_39044843,0
ID_39113963,0
ID_39153643,0
ID_39169003,0
ID_39171563,0
ID_39177963,0
ID_39192043,0
ID_39258603,0
ID_39275243,0
ID_39289323,0
ID_39323883,0
ID_39353323,0
ID_39358443,0
ID_39362283,0
ID_39371243,0
ID_39448043,0
ID_39462123,0
ID_39505643,0
ID_39523563,0
ID_39620843,0
ID_39655403,0
ID_39659243,0
ID_39668203,0
ID_39716843,0
ID_39751403,0
ID_39762923,0
ID_39765483,0
ID_39806443,0
ID_39984363,0
ID_40057323,0
ID_40112363,0
ID_40122603,0
ID_40129003,0
ID_40145643,0
ID_40193003,0
ID_40258283,0
ID_40331243,0
ID_40333803,0
ID_40347883,0
ID_40379883,0
ID_40396523,0
ID_40423403,0
ID_40555243,0
ID_40578283,0
ID_40593643,0
ID_40612843,0
ID_40692203,0
ID_40760043,0
ID_40780523,0
ID_40806123,0
ID_40809963,0
ID_40830443,0
ID_40847083,0
ID_40904683,0
ID_40954603,0
ID_40994283,0
ID_41000683,0
ID_41003243,0
ID_41014763,0
ID_41074923,0
ID_41077483,0
ID_41193963,0
ID_41231083,0
ID_41274603,0
ID_41291243,0
ID_41348843,0
ID_41364203,0
ID_41375723,0
ID_41380843,0
ID_41401323,0
ID_41412843,0
ID_41490923,0
ID_41521643,0
ID_41548523,0
ID_41594603,0
ID_41603563,0
ID_41615083,0
ID_41649643,0
ID_41672683,0
ID_41675243,0
ID_41694443,0
ID_41705963,0
ID_41712363,0
ID_41721323,0
ID_41749483,0
ID_41772523,0
ID_41801963,0
ID_41807083,0
ID_41833963,0
ID_41853163,0
ID_41899243,0
ID_41977323,0
ID_41988843,0
ID_42000363,0
ID_42006763,0
ID_42015723,0
ID_42023403,0
ID_42027243,0
ID_42127083,0
ID_42136043,0
ID_42142443,0
ID_42159083,0
ID_42188523,0
ID_42193643,0
ID_42225643,0
ID_42248683,0
ID_42262763,0
ID_42274283,0
ID_42275563,0
ID_42280683,0
ID_42303723,0
ID_42329323,0
ID_42379243,0
ID_42409963,0
ID_42416363,0
ID_42467563,0
ID_42471403,0
ID_42476523,0
ID_42559723,0
ID_42575083,0
ID_42630123,0
ID_42640363,0
ID_42649323,0
ID_42701803,0
ID_42722283,0
ID_42741483,0
ID_42777323,0
ID_42788843,0
ID_42854123,0
ID_42868203,0
ID_42869483,0
ID_42877163,0
ID_42932203,0
ID_43070443,0
ID_43175403,0
ID_43198443,0
ID_43220203,0
ID_43233003,0
ID_43252203,0
ID_43313643,0
ID_43348203,0
ID_43376363,0
ID_43382763,0
ID_43419883,0
ID_43489003,0
ID_43512043,0
ID_43564523,0
ID_43572203,0
ID_43610603,0
ID_43615723,0
ID_43677163,0
ID_43702763,0
ID_43733483,0
ID_43748843,0
ID_43760363,0
ID_43783403,0
ID_43788523,0
ID_43794923,0
ID_43873003,0
ID_43881963,0
ID_43896043,0
ID_43928043,0
ID_43930603,0
ID_43953643,0
ID_43972843,0
ID_43988203,0
ID_44062443,0
ID_44086763,0
ID_44108523,0
ID_44144363,0
ID_44186603,0
ID_44189163,0
ID_44207083,0
ID_44216043,0
ID_44232683,0
ID_44236523,0
ID_44314603,0
ID_44317163,0
ID_44326123,0
ID_44359403,0
ID_44360683,0
ID_44374763,0
ID_44382443,0
ID_44397803,0
ID_44405483,0
ID_44452843,0
ID_44510443,0
ID_44518123,0
ID_44521963,0
ID_44545003,0
ID_44553963,0
ID_44577003,0
ID_44579563,0
ID_44642283,0
ID_44646123,0
ID_44667883,0
ID_44676843,0
ID_44770283,0
ID_44816363,0
ID_44849643,0
ID_44856043,0
ID_44893163,0
ID_44973803,0
ID_44977643,0
ID_44989163,0
ID_45021163,0
ID_45058283,0
ID_45077483,0
ID_45100523,0
ID_45178603,0
ID_45199083,0
ID_45217003,0
ID_45237483,0
ID_45247723,0
ID_45251563,0
ID_45260523,0
ID_45272043,0
ID_45282283,0
ID_45352683,0
ID_45410283,0
ID_45412843,0
ID_45525483,0
ID_45556203,0
ID_45649643,0
ID_45668843,0
ID_45735403,0
ID_45750763,0
ID_45776363,0
ID_45831403,0
ID_45839083,0
ID_45865963,0
ID_45868523,0
ID_45903083,0
ID_45931243,0
ID_45942763,0
ID_45972203,0
ID_45974763,0
ID_46000363,0
ID_46004203,0
ID_46029803,0
ID_46105323,0
ID_46188523,0
ID_46251243,0
ID_46312683,0
ID_46358763,0
ID_46444523,0
ID_46459883,0
ID_46514923,0
ID_46595563,0
ID_46637803,0
ID_46653163,0
ID_46687723,0
ID_46722283,0
ID_46750443,0
ID_46895083,0
ID_46934763,0
ID_46955243,0
ID_46959083,0
ID_46966763,0
ID_47001323,0
ID_47016683,0
ID_47037163,0
ID_47048683,0
ID_47065323,0
ID_47125483,0
ID_47129323,0
ID_47139563,0
ID_47177963,0
ID_47226603,0
ID_47247083,0
ID_47263723,0
ID_47288043,0
ID_47295723,0
ID_47299563,0
ID_47309803,0
ID_47336683,0
ID_47376363,0
ID_47449323,0
ID_47468523,0
ID_47486443,0
ID_47492843,0
ID_47504363,0
ID_47550443,0
ID_47619563,0
ID_47661803,0
ID_47720683,0
ID_47737323,0
ID_47753963,0
ID_47757803,0
ID_47778283,0
ID_47803883,0
ID_47835883,0
ID_47887083,0
ID_47889643,0
ID_47912683,0
ID_47935723,0
ID_47962603,0
ID_47999723,0
ID_48006123,0
ID_48163563,0
ID_48210923,0
ID_48213483,0
ID_48218603,0
ID_48225003,0
ID_48322283,0
ID_48369643,0
ID_48460523,0
ID_48473323,0
ID_48556523,0
ID_48619243,0
ID_48637163,0
ID_48662763,0
ID_48676843,0
ID_48688363,0
ID_48701163,0
ID_48706283,0
ID_48784363,0
ID_48816363,0
ID_48825323,0
ID_48847083,0
ID_48850923,0
ID_48929003,0
ID_49009643,0
ID_49053163,0
ID_49078763,0
ID_49104363,0
ID_49121003,0
ID_49147883,0
ID_49167083,0
ID_49170923,0
ID_49173483,0
ID_49196523,0
ID_49311723,0
ID_49352683,0
ID_49419243,0
ID_49473003,0
ID_49531883,0
ID_49599723,0
ID_49603563,0
ID_49635563,0
ID_49647083,0
ID_49661163,0
ID_49684203,0
ID_49713643,0
ID_49727723,0
ID_49782763,0
ID_49785323,0
ID_49796843,0
ID_49810923,0
ID_49940203,0
ID_49963243,0
ID_50004203,0
ID_50020843,0
ID_50047723,0
ID_50079723,0
ID_50082283,0
ID_50110443,0
ID_50121963,0
ID_50169323,0
ID_50229483,0
ID_50381803,0
ID_50418923,0
ID_50436843,0
ID_50445803,0
ID_50448363,0
ID_50466283,0
ID_50480363,0
ID_50489323,0
ID_50499563,0
ID_50543083,0
ID_50705643,0
ID_50750443,0
ID_50751723,0
ID_50777323,0
ID_50802923,0
ID_50897643,0
ID_50910443,0
ID_50938603,0
ID_50941163,0
ID_50947563,0
ID_50989803,0
ID_51117803,0
ID_51145963,0
ID_51171563,0
ID_51189483,0
ID_51276523,0
ID_51334123,0
ID_51336683,0
ID_51399403,0
ID_51417323,0
ID_51445483,0
ID_51492843,0
ID_51561963,0
ID_51593963,0
ID_51720683,0
ID_51764203,0
ID_51778283,0
ID_51780843,0
ID_51797483,0
ID_51820523,0
ID_51843563,0
ID_51889643,0
ID_51910123,0
ID_51985643,0
ID_52029163,0
ID_52052203,0
ID_52089323,0
ID_52118763,0
ID_52130283,0
ID_52176363,0
ID_52230123,0
ID_52245483,0
ID_52322283,0
ID_52372203,0
ID_52377323,0
ID_52411883,0
ID_52441323,0
ID_52446443,0
ID_52459243,0
ID_52515563,0
ID_52562923,0
ID_52565483,0
ID_52588523,0
ID_52712683,0
ID_52733163,0
ID_52777963,0
ID_52821483,0
ID_52848363,0
ID_52885483,0
ID_52905963,0
ID_52917483,0
ID_52961003,0
ID_52963563,0
ID_52998123,0
ID_53007083,0
ID_53037803,0
ID_53081323,0
ID_53095403,0
ID_53119723,0
ID_53176043,0
ID_53214443,0
ID_53222123,0
ID_53234923,0
ID_53277163,0
ID_53323243,0
ID_53334763,0
ID_53347563,0
ID_53421803,0
ID_53424363,0
ID_53473003,0
ID_53479403,0
ID_53522923,0
ID_53539563,0
ID_53566443,0
ID_53790443,0
ID_53882603,0
ID_53894123,0
ID_53972203,0
ID_53990123,0
ID_54010603,0
ID_54045163,0
ID_54054123,0
ID_54075883,0
ID_54105323,0
ID_54162923,0
ID_54183403,0
ID_54235883,0
ID_54264043,0
ID_54326763,0
ID_54328043,0
ID_54353643,0
ID_54427883,0
ID_54436843,0
ID_54463723,0
ID_54486763,0
ID_54543083,0
ID_54558443,0
ID_54581483,0
ID_54613483,0
ID_54644203,0
ID_54701803,0
ID_54756843,0
ID_54765803,0
ID_54770923,0
ID_54777323,0
ID_54783723,0
ID_54788843,0
ID_54809323,0
ID_54820843,0
ID_54849003,0
ID_54895083,0
ID_54919403,0
ID_54979563,0
ID_54998763,0
ID_55056363,0
ID_55115243,0
ID_55138283,0
ID_55158763,0
ID_55169003,0
ID_55180523,0
ID_55181803,0
ID_55218923,0
ID_55241963,0
ID_55276523,0
ID_55284203,0
ID_55304683,0
ID_55350763,0
ID_55389163,0
ID_55396843,0
ID_55421163,0
ID_55469803,0
ID_55472363,0
ID_55489003,0
ID_55570923,0
ID_55602923,0
ID_55605483,0
ID_55654123,0
ID_55672043,0
ID_55686123,0
ID_55697643,0
ID_55760363,0
ID_55787243,0
ID_55794923,0
ID_55815403,0
ID_55833323,0
ID_55844843,0
ID_55905003,0
ID_55962603,0
ID_56146923,0
ID_56213483,0
ID_56219883,0
ID_56259563,0
ID_56319723,0
ID_56358123,0
ID_56473323,0
ID_56559083,0
ID_56574443,0
ID_56588523,0
ID_56611563,0
ID_56628203,0
ID_56643563,0
ID_56648683,0
ID_56666603,0
ID_56671723,0
ID_56703723,0
ID_56717803,0
ID_56744683,0
ID_56798443,0
ID_56804843,0
ID_56836843,0
ID_56926443,0
ID_56957163,0
ID_57012203,0
ID_57018603,0
ID_57064683,0
ID_57083883,0
ID_57214443,0
ID_57240043,0
ID_57257963,0
ID_57265643,0
ID_57283563,0
ID_57304043,0
ID_57320683,0
ID_57332203,0
ID_57378283,0
ID_57416683,0
ID_57462763,0
ID_57474283,0
ID_57531883,0
ID_57629163,0
ID_57630443,0
ID_57759723,0
ID_57858283,0
ID_57886443,0
ID_57904363,0
ID_57985003,0
ID_58015723,0
ID_58027243,0
ID_58047723,0
ID_58054123,0
ID_58061803,0
ID_58091243,0
ID_58109163,0
ID_58120683,0
ID_58137323,0
ID_58142443,0
ID_58169323,0
ID_58201323,0
ID_58215403,0
ID_58220523,0
ID_58301163,0
ID_58316523,0
ID_58351083,0
ID_58406123,0
ID_58413803,0
ID_58463723,0
ID_58480363,0
ID_58532843,0
ID_58553323,0
ID_58563563,0
ID_58601963,0
ID_58607083,0
ID_58609643,0
ID_58630123,0
ID_58737643,0
ID_58802923,0
ID_58815723,0
ID_58864363,0
ID_58872043,0
ID_58884843,0
ID_58898923,0
ID_58956523,0
ID_58965483,0
ID_59014123,0
ID_59042283,0
ID_59043563,0
ID_59046123,0
ID_59094763,0
ID_59154923,0
ID_59177963,0
ID_59218923,0
ID_59297003,0
ID_59304683,0
ID_59320043,0
ID_59336683,0
ID_59354603,0
ID_59409643,0
ID_59430123,0
ID_59440363,0
ID_59458283,0
ID_59481323,0
ID_59486443,0
ID_59490283,0
ID_59579883,0
ID_59587563,0
ID_59599083,0
ID_59637483,0
ID_59656683,0
ID_59683563,0
ID_59732203,0
ID_59775723,0
ID_59803883,0
ID_59810283,0
ID_59844843,0
ID_59885803,0
ID_59911403,0
ID_59913963,0
ID_59937003,0
ID_59989483,0
ID_60008683,0
ID_60015083,0
ID_60031723,0
ID_60066283,0
ID_60093163,0
ID_60112363,0
ID_60113643,0
ID_60162283,0
ID_60193003,0
ID_60196843,0
ID_60216043,0
ID_60265963,0
ID_60329963,0
ID_60335083,0
ID_60341483,0
ID_60369643,0
ID_60374763,0
ID_60390123,0
ID_60401643,0
ID_60420843,0
ID_60468203,0
ID_60548843,0
ID_60560363,0
ID_60571883,0
ID_60592363,0
ID_60603883,0
ID_60625643,0
ID_60637163,0
ID_60652523,0
ID_60666603,0
ID_60698603,0
ID_60715243,0
ID_60724203,0
ID_60761323,0
ID_60767723,0
ID_60772843,0
ID_60854763,0
ID_60966123,0
ID_60981483,0
ID_60993003,0
ID_61000683,0
ID_61016043,0
ID_61023723,0
ID_61025003,0
ID_61048043,0
ID_61085163,0
ID_61101803,0
ID_61104363,0
ID_61127403,0
ID_61168363,0
ID_61177323,0
ID_61217003,0
ID_61225963,0
ID_61228523,0
ID_61297643,0
ID_61378283,0
ID_61382123,0
ID_61398763,0
ID_61492203,0
ID_61525483,0
ID_61563883,0
ID_61621483,0
ID_61734123,0
ID_61768683,0
ID_61777643,0
ID_61837803,0
ID_61923563,0
ID_61946603,0
ID_61958123,0
ID_61978603,0
ID_61993963,0
ID_62005483,0
ID_62065643,0
ID_62070763,0
ID_62082283,0
ID_62123243,0
ID_62166763,0
ID_62209003,0
ID_62212843,0
ID_62215403,0
ID_62220523,0
ID_62226923,0
ID_62243563,0
ID_62278123,0
ID_62313963,0
ID_62321643,0
ID_62333163,0
ID_62357483,0
ID_62390763,0
ID_62406123,0
ID_62408683,0
ID_62417643,0
ID_62514923,0
ID_62544363,0
ID_62596843,0
ID_62599403,0
ID_62608363,0
ID_62625003,0
ID_62631403,0
ID_62676203,0
ID_62783723,0
ID_62836203,0
ID_62857963,0
ID_62864363,0
ID_62870763,0
ID_62884843,0
ID_62916843,0
ID_62928363,0
ID_62942443,0
ID_63016683,0
ID_63023083,0
ID_63046123,0
ID_63055083,0
ID_63149803,0
ID_63181803,0
ID_63291883,0
ID_63314923,0
ID_63326443,0
ID_63336683,0
ID_63359723,0
ID_63363563,0
ID_63407083,0
ID_63412203,0
ID_63446763,0
ID_63487723,0
ID_63508203,0
ID_63565803,0
ID_63577323,0
ID_63625963,0
ID_63665643,0
ID_63711723,0
ID_63747563,0
ID_63757803,0
ID_63784683,0
ID_63792363,0
ID_63805163,0
ID_63815403,0
ID_63830763,0
ID_63849963,0
ID_63865323,0
ID_63905003,0
ID_63939563,0
ID_63975403,0
ID_63989483,0
ID_64003563,0
ID_64015083,0
ID_64033003,0
ID_64093163,0
ID_64116203,0
ID_64159723,0
ID_64190443,0
ID_64237803,0
ID_64249323,0
ID_64295403,0
ID_64305643,0
ID_64314603,0
ID_64321003,0
ID_64441323,0
ID_64487403,0
ID_64548843,0
ID_64597483,0
ID_64615403,0
ID_64649963,0
ID_64658923,0
ID_64692203,0
ID_64701163,0
ID_64747243,0
ID_64820203,0
ID_64840683,0
ID_64873963,0
ID_64917483,0
ID_64946923,0
ID_64961003,0
ID_65027563,0
ID_65036523,0
ID_65050603,0
ID_65082603,0
ID_65105643,0
ID_65117163,0
ID_65137643,0
ID_65186283,0
ID_65191403,0
ID_65243883,0
ID_65287403,0
ID_65292523,0
ID_65307883,0
ID_65338603,0
ID_65402603,0
ID_65437163,0
ID_65529323,0
ID_65572843,0
ID_65673963,0
ID_65697003,0
ID_65708523,0
ID_65740523,0
ID_65745643,0
ID_65762283,0
ID_65775083,0
ID_65819883,0
ID_65858283,0
ID_65883883,0
ID_65947883,0
ID_65967083,0
ID_65968363,0
ID_65985003,0
ID_65990123,0
ID_66047723,0
ID_66054123,0
ID_66060523,0
ID_66068203,0
ID_66148843,0
ID_66157803,0
ID_66171883,0
ID_66196203,0
ID_66256363,0
ID_66270443,0
ID_66321643,0
ID_66339563,0
ID_66415083,0
ID_66417643,0
ID_66420203,0
ID_66434283,0
ID_66440683,0
ID_66458603,0
ID_66475243,0
ID_66504683,0
ID_66523883,0
ID_66526443,0
ID_66541803,0
ID_66573803,0
ID_66585323,0
ID_66636523,0
ID_66639083,0
ID_66703083,0
ID_66714603,0
ID_66749163,0
ID_66777323,0
ID_66804203,0
ID_66815723,0
ID_66818283,0
ID_66855403,0
ID_66873323,0
ID_66891243,0
ID_66913003,0
ID_66956523,0
ID_66970603,0
ID_66985963,0
ID_67032043,0
ID_67080683,0
ID_67083243,0
ID_67121643,0
ID_67144683,0
ID_67190763,0
ID_67230443,0
ID_67280363,0
ID_67285483,0
ID_67303403,0
ID_67317483,0
ID_67380203,0
ID_67409643,0
ID_67453163,0
ID_67504363,0
ID_67527403,0
ID_67565803,0
ID_67619563,0
ID_67625963,0
ID_67631083,0
ID_67718123,0
ID_67724523,0
ID_67747563,0
ID_67759083,0
ID_67770603,0
ID_67805163,0
ID_67847403,0
ID_67851243,0
ID_67862763,0
ID_67871723,0
ID_67876843,0
ID_68007403,0
ID_68033003,0
ID_68056043,0
ID_68072683,0
ID_68203243,0
ID_68228843,0
ID_68258283,0
ID_68263403,0
ID_68295403,0
ID_68315883,0
ID_68353003,0
ID_68392683,0
ID_68408043,0
ID_68438763,0
ID_68463083,0
ID_68474603,0
ID_68486123,0
ID_68516843,0
ID_68519403,0
ID_68532203,0
ID_68565483,0
ID_68666603,0
ID_68748523,0
ID_68753643,0
ID_68820203,0
ID_68909803,0
ID_68917483,0
ID_68918763,0
ID_68923883,0
ID_68940523,0
ID_68952043,0
ID_68955883,0
ID_68981483,0
ID_68990443,0
ID_69007083,0
ID_69169643,0
ID_69177323,0
ID_69197803,0
ID_69283563,0
ID_69359083,0
ID_69388523,0
ID_69442283,0
ID_69446123,0
ID_69503723,0
ID_69508843,0
ID_69547243,0
ID_69572843,0
ID_69616363,0
ID_69641963,0
ID_69650923,0
ID_69681643,0
ID_69682923,0
ID_69705963,0
ID_69713643,0
ID_69851883,0
ID_69883883,0
ID_69944043,0
ID_69959403,0
ID_70072043,0
ID_70102763,0
ID_70106603,0
ID_70123243,0
ID_70137323,0
ID_70155243,0
ID_70157803,0
ID_70207723,0
ID_70219243,0
ID_70238443,0
ID_70244843,0
ID_70354923,0
ID_70513643,0
ID_70527723,0
ID_70532843,0
ID_70550763,0
ID_70555883,0
ID_70753003,0
ID_70774763,0
ID_70799083,0
ID_70810603,0
ID_70847723,0
ID_70864363,0
ID_70919403,0
ID_70921963,0
ID_70957803,0
ID_71000043,0
ID_71034603,0
ID_71052523,0
ID_71071723,0
ID_71075563,0
ID_71103723,0
ID_71142123,0
ID_71172843,0
ID_71174123,0
ID_71179243,0
ID_71243243,0
ID_71282923,0
ID_71300843,0
ID_71303403,0
ID_71400683,0
ID_71413483,0
ID_71453163,0
ID_71455723,0
ID_71471083,0
ID_71504363,0
ID_71522283,0
ID_71538923,0
ID_71547883,0
ID_71588843,0
ID_71674603,0
ID_71732203,0
ID_71752683,0
ID_71770603,0
ID_71833323,0
ID_71846123,0
ID_71857643,0
ID_71871723,0
ID_71894763,0
ID_71903723,0
ID_71948523,0
ID_71971563,0
ID_71983083,0
ID_72030443,0
ID_72038123,0
ID_72111083,0
ID_72125163,0
ID_72130283,0
ID_72176363,0
ID_72254443,0
ID_72258283,0
ID_72281323,0
ID_72312043,0
ID_72335083,0
ID_72346603,0
ID_72347883,0
ID_72359403,0
ID_72382443,0
ID_72424683,0
ID_72470763,0
ID_72497643,0
ID_72569323,0
ID_72585963,0
ID_72589803,0
ID_72609003,0
ID_72610283,0
ID_72655083,0
ID_72656363,0
ID_72670443,0
ID_72675563,0
ID_72698603,0
ID_72820203,0
ID_72825323,0
ID_72836843,0
ID_72848363,0
ID_72861163,0
ID_72875243,0
ID_72898283,0
ID_72967403,0
ID_72973803,0
ID_72995563,0
ID_73001963,0
ID_73010923,0
ID_73033963,0
ID_73054443,0
ID_73065963,0
ID_73068523,0
ID_73131243,0
ID_73281003,0
ID_73353963,0
ID_73359083,0
ID_73370603,0
ID_73423083,0
ID_73451243,0
ID_73455083,0
ID_73533163,0
ID_73535723,0
ID_73575403,0
ID_73648363,0
ID_73656043,0
ID_73679083,0
ID_73691883,0
ID_73714923,0
ID_73729003,0
ID_73775083,0
ID_73805803,0
ID_73858283,0
ID_73876203,0
ID_73896683,0
ID_73929963,0
ID_73973483,0
ID_73999083,0
ID_74014443,0
ID_74057963,0
ID_74065643,0
ID_74072043,0
ID_74081003,0
ID_74104043,0
ID_74113003,0
ID_74115563,0
ID_74136043,0
ID_74147563,0
ID_74157803,0
ID_74207723,0
ID_74212843,0
ID_74230763,0
ID_74233323,0
ID_74258923,0
ID_74262763,0
ID_74369003,0
ID_74443243,0
ID_74536683,0
ID_74610923,0
ID_74636523,0
ID_74654443,0
ID_74718443,0
ID_74787563,0
ID_74831083,0
ID_74887403,0
ID_74898923,0
ID_74925803,0
ID_74942443,0
ID_74946283,0
ID_74980843,0
ID_74992363,0
ID_75003883,0
ID_75023083,0
ID_75101163,0
ID_75105003,0
ID_75199723,0
ID_75211243,0
ID_75254763,0
ID_75277803,0
ID_75291883,0
ID_75294443,0
ID_75326443,0
ID_75343083,0
ID_75381483,0
ID_75448043,0
ID_75457003,0
ID_75478763,0
ID_75501803,0
ID_75524843,0
ID_75559403,0
ID_75572203,0
ID_75614443,0
ID_75683563,0
ID_75830763,0
ID_75846123,0
ID_75885803,0
ID_75903723,0
ID_75949803,0
ID_75952363,0
ID_75977963,0
ID_75995883,0
ID_76021483,0
ID_76030443,0
ID_76050923,0
ID_76140523,0
ID_76223723,0
ID_76228843,0
ID_76265963,0
ID_76269803,0
ID_76274923,0
ID_76283883,0
ID_76289003,0
ID_76290283,0
ID_76361963,0
ID_76401643,0
ID_76414443,0
ID_76482283,0
ID_76491243,0
ID_76523243,0
ID_76560363,0
ID_76578283,0
ID_76587243,0
ID_76596203,0
ID_76617963,0
ID_76621803,0
ID_76624363,0
ID_76664043,0
ID_76667883,0
ID_76681963,0
ID_76684523,0
ID_76734443,0
ID_76751083,0
ID_76815083,0
ID_76849643,0
ID_76861163,0
ID_76921323,0
ID_76976363,0
ID_77008363,0
ID_77027563,1
ID_77050603,0
ID_77057003,0
ID_77108203,0
ID_77114603,0
ID_77132523,0
ID_77137643,0
ID_77154283,0
ID_77155563,0
ID_77177323,0
ID_77218283,0
ID_77270763,0
ID_77301483,0
ID_77305323,0
ID_77429483,0
ID_77535723,0
ID_77556203,0
ID_77572843,0
ID_77576683,0
ID_77598443,0
ID_77633003,0
ID_77673963,0
ID_77685483,0
ID_77722603,0
ID_77758443,0
ID_77781483,0
ID_77823723,0
ID_77839083,0
ID_77873643,0
ID_77908203,0
ID_77927403,0
ID_77950443,0
ID_77961963,0
ID_78008043,0
ID_78032363,0
ID_78042603,0
ID_78262763,0
ID_78348523,0
ID_78453483,0
ID_78463723,0
ID_78513643,0
ID_78534123,0
ID_78576363,0
ID_78580203,0
ID_78633963,0
ID_78637803,0
ID_78645483,0
ID_78658283,0
ID_78677483,0
ID_78691563,0
ID_78706923,0
ID_78769643,0
ID_78787563,0
ID_78840043,0
ID_78863083,0
ID_78896363,0
ID_78900203,0
ID_78905323,0
ID_78930923,0
ID_78934763,0
ID_78974443,0
ID_79043563,0
ID_79067883,0
ID_79096043,0
ID_79133163,0
ID_79144683,0
ID_79167723,0
ID_79208683,0
ID_79332843,0
ID_79355883,0
ID_79375083,0
ID_79376363,0
ID_79413483,0
ID_79418603,0
ID_79448043,0
ID_79491563,0
ID_79523563,0
ID_79574763,0
ID_79595243,0
ID_79646443,0
ID_79652843,0
ID_79710443,0
ID_79784683,0
ID_79785963,0
ID_79809003,0
ID_79819243,0
ID_79832043,0
ID_79842283,0
ID_79862763,0
ID_79897323,0
ID_79915243,0
ID_79954923,0
ID_79961323,0
ID_79977963,0
ID_79993323,0
ID_80016363,0
ID_80048363,0
ID_80062443,0
ID_80085483,0
ID_80093163,0
ID_80168683,0
ID_80186603,0
ID_80228843,0
ID_80241643,0
ID_80244203,0
ID_80255723,0
ID_80264683,0
ID_80276203,0
ID_80290283,0
ID_80295403,0
ID_80310763,0
ID_80359403,0
ID_80423403,0
ID_80437483,0
ID_80463083,0
ID_80515563,0
ID_80538603,0
ID_80607723,0
ID_80649963,0
ID_80665323,0
ID_80673003,0
ID_80684523,0
ID_80711403,0
ID_80722923,0
ID_80788203,0
ID_80806123,0
ID_80863723,0
ID_80877803,0
ID_80946923,0
ID_80973803,0
ID_81017323,0
ID_81019883,0
ID_81031403,0
ID_81040363,0
ID_81063403,0
ID_81100523,0
ID_81109483,0
ID_81174763,0
ID_81227243,0
ID_81238763,0
ID_81391083,0
ID_81437163,0
ID_81489643,0
ID_81521643,0
ID_81535723,0
ID_81579243,0
ID_81588203,0
ID_81593323,0
ID_81665003,0
ID_81680363,0
ID_81735403,0
ID_81781483,0
ID_81800683,0
ID_81813483,0
ID_81816043,0
ID_81825003,0
ID_81862123,0
ID_81881323,0
ID_81896683,0
ID_81904363,0
ID_81915883,0
ID_81991403,0
ID_81993963,0
ID_81995243,0
ID_82000363,0
ID_82011883,0
ID_82017003,0
ID_82064363,0
ID_82074603,0
ID_82075883,0
ID_82115563,0
ID_82150123,0
ID_82175723,0
ID_82184683,0
ID_82221803,0
ID_82246123,0
ID_82248683,0
ID_82283243,0
ID_82288363,0
ID_82294763,0
ID_82311403,0
ID_82315243,0
ID_82322923,0
ID_82337003,0
ID_82338283,0
ID_82389483,0
ID_82392043,0
ID_82426603,0
ID_82449643,0
ID_82467563,0
ID_82473963,0
ID_82536683,0
ID_82591723,0
ID_82617323,0
ID_82646763,0
ID_82681323,0
ID_82782443,0
ID_82790123,0
ID_82793963,0
ID_82824683,0
ID_82831083,0
ID_82833643,0
ID_82840043,0
ID_82870763,0
ID_82911723,0
ID_82920683,0
ID_82932203,0
ID_82960363,0
ID_83052523,0
ID_83087083,0
ID_83090923,0
ID_83110123,0
ID_83151083,0
ID_83156203,0
ID_83160043,0
ID_83169003,0
ID_83213803,0
ID_83225323,0
ID_83330283,0
ID_83416043,0
ID_83419883,0
ID_83487723,0
ID_83510763,0
ID_83523563,0
ID_83528683,0
ID_83546603,0
ID_83629803,0
ID_83634923,0
ID_83646443,0
ID_83650283,0
ID_83657963,0
ID_83721963,0
ID_83730923,0
ID_83779563,0
ID_83806443,0
ID_83809003,0
ID_83874283,0
ID_83912683,0
ID_83935723,0
ID_83954923,0
ID_84004843,0
ID_84079083,0
ID_84131563,0
ID_84136683,0
ID_84163563,0
ID_84235243,0
ID_84329963,0
ID_84336363,0
ID_84342763,0
ID_84345323,0
ID_84364523,0
ID_84368363,0
ID_84399083,0
ID_84446443,0
ID_84474603,0
ID_84529643,0
ID_84555243,0
ID_84587243,0
ID_84592363,0
ID_84601323,0
ID_84705003,0
ID_84706283,0
ID_84731883,0
ID_84745963,0
ID_84752363,0
ID_84771563,0
ID_84812523,0
ID_84821483,0
ID_84826603,0
ID_84835563,0
ID_84847083,0
ID_84866283,0
ID_84875243,0
ID_84902123,0
ID_84925163,0
ID_84991723,0
ID_85014763,0
ID_85022443,0
ID_85036523,0
ID_85051883,0
ID_85149163,0
ID_85155563,0
ID_85164523,0
ID_85196523,0
ID_85208043,0
ID_85218283,0
ID_85222123,0
ID_85231083,0
ID_85302763,0
ID_85339883,0
ID_85353963,0
ID_85377003,0
ID_85380843,0
ID_85394923,0
ID_85423083,0
ID_85443563,0
ID_85480683,0
ID_85484523,0
ID_85487083,0
ID_85515243,0
ID_85524203,0
ID_85551083,0
ID_85574123,0
ID_85581803,0
ID_85585643,0
ID_85652203,0
ID_85654763,0
ID_85677803,0
ID_85700843,0
ID_85731563,0
ID_85758443,0
ID_85844203,0
ID_85891563,0
ID_85903083,0
ID_85922283,0
ID_85937643,0
ID_85945323,0
ID_86011883,0
ID_86014443,0
ID_86127083,0
ID_86133483,0
ID_86168043,0
ID_86271723,0
ID_86292203,0
ID_86311403,0
ID_86326763,0
ID_86338283,0
ID_86352363,0
ID_86502123,0
ID_86517483,0
ID_86527723,0
ID_86543083,0
ID_86577643,0
ID_86695403,0
ID_86801643,0
ID_86847723,0
ID_87070443,0
ID_87079403,0
ID_87090923,0
ID_87098603,0
ID_87102443,0
ID_87130603,0
ID_87145963,0
ID_87199723,0
ID_87212523,0
ID_87222763,0
ID_87226603,0
ID_87314923,0
ID_87385323,0
ID_87404523,0
ID_87428843,0
ID_87462123,0
ID_87497963,0
ID_87508203,0
ID_87528683,0
ID_87554283,0
ID_87565803,0
ID_87620843,0
ID_87632363,0
ID_87783403,0
ID_87817963,0
ID_87843563,0
ID_87848683,0
ID_87864043,0
ID_87875563,0
ID_87889643,0
ID_87919083,0
ID_87942123,0
ID_87956203,0
ID_87967723,0
ID_87988203,0
ID_88053483,0
ID_88068843,0
ID_88088043,0
ID_88100843,0
ID_88112363,0
ID_88137963,0
ID_88195563,0
ID_88207083,0
ID_88246763,0
ID_88315883,0
ID_88361963,0
ID_88386283,0
ID_88411883,0
ID_88428523,0
ID_88477163,0
ID_88497643,0
ID_88524523,0
ID_88543723,0
ID_88566763,0
ID_88612843,0
ID_88637163,0
ID_88647403,0
ID_88708843,0
ID_88725483,0
ID_88757483,0
ID_88775403,0
ID_88821483,0
ID_88936683,0
ID_88964843,0
ID_88985323,0
ID_89045483,0
ID_89054443,0
ID_89058283,0
ID_89068523,0
ID_89104363,0
ID_89115883,0
ID_89219563,0
ID_89227243,0
ID_89261803,0
ID_89273323,0
ID_89412843,0
ID_89470443,0
ID_89502443,0
ID_89547243,0
ID_89705963,0
ID_89714923,0
ID_89718763,0
ID_89729003,0
ID_89776363,0
ID_89795563,0
ID_89818603,0
ID_89853163,0
ID_89900523,0
ID_89903083,0
ID_89937643,0
ID_89945323,0
ID_90029803,0
ID_90041323,0
ID_90096363,0
ID_90104043,0
ID_90107883,0
ID_90115563,0
ID_90121963,0
ID_90151403,0
ID_90232043,0
ID_90234603,0
ID_90257643,0
ID_90266603,0
ID_90269163,0
ID_90312683,0
ID_90326763,0
ID_90329323,0
ID_90393323,0
ID_90458603,0
ID_90471403,0
ID_90497003,0
ID_90520043,0
ID_90529003,0
ID_90572523,0
ID_90584043,0
ID_90595563,0
ID_90607083,0
ID_90678763,0
ID_90687723,0
ID_90710763,0
ID_90753003,0
ID_90828523,0
ID_90845163,0
ID_90846443,0
ID_90872043,0
ID_90888683,0
ID_90906603,0
ID_90911723,0
ID_91012843,0
ID_91030763,0
ID_91044843,0
ID_91137003,0
ID_91165163,0
ID_91171563,0
ID_91174123,0
ID_91229163,0
ID_91293163,0
ID_91325163,0
ID_91335403,0
ID_91336683,0
ID_91364843,0
ID_91390443,0
ID_91419883,0
ID_91433963,0
ID_91442923,0
ID_91468523,0
ID_91474923,0
ID_91540203,0
ID_91544043,0
ID_91551723,0
ID_91564523,0
ID_91567083,0
ID_91572203,0
ID_91578603,0
ID_91599083,0
ID_91601643,0
ID_91650283,0
ID_91652843,0
ID_91696363,0
ID_91737323,0
ID_91834603,0
ID_91857643,0
ID_91869163,0
ID_91976683,0
ID_91985643,0
ID_91988203,0
ID_91999723,0
ID_92022763,0
ID_92089323,0
ID_92123883,0
ID_92166123,0
ID_92177643,0
ID_92250603,0
ID_92259563,0
ID_92267243,0
ID_92271083,0
ID_92278763,0
ID_92285163,0
ID_92292843,0
ID_92347883,0
ID_92395243,0
ID_92443883,0
ID_92509163,0
ID_92513003,0
ID_92564203,0
ID_92648683,0
ID_92726763,0
ID_92749803,0
ID_92795883,0
ID_92812523,0
ID_92841963,0
ID_92876523,0
ID_92893163,0
ID_92899563,0
ID_92980203,0
ID_93035243,0
ID_93046763,0
ID_93051883,0
ID_93090283,0
ID_93167083,0
ID_93204203,0
ID_93270763,0
ID_93274603,0
ID_93282283,0
ID_93288683,0
ID_93329643,0
ID_93351403,0
ID_93490923,0
ID_93516523,0
ID_93528043,0
ID_93533163,0
ID_93545963,0
ID_93571563,0
ID_93592043,0
ID_93606123,0
ID_93659883,0
ID_93691883,0
ID_93703403,0
ID_93761003,0
ID_93773803,0
ID_93776363,0
ID_93785323,0
ID_93799403,0
ID_93912043,0
ID_93963243,0
ID_94024683,0
ID_94078443,0
ID_94124523,0
ID_94136043,0
ID_94145003,0
ID_94153963,0
ID_94170603,0
ID_94193643,0
ID_94209003,0
ID_94229483,0
ID_94278123,0
ID_94289643,0
ID_94294763,0
ID_94344683,0
ID_94375403,0
ID_94436843,0
ID_94439403,0
ID_94459883,0
ID_94480363,0
ID_94490603,0
ID_94505963,0
ID_94536683,0
ID_94571243,0
ID_94630123,0
ID_94687723,0
ID_94733803,0
ID_94796523,0
ID_94881003,0
ID_94923243,0
ID_94927083,0
ID_94938603,0
ID_94996203,0
ID_95070443,0
ID_95131883,0
ID_95143403,0
ID_95183083,0
ID_95209963,0
ID_95231723,0
ID_95233003,0
ID_95302123,0
ID_95332843,0
ID_95345643,0
ID_95359723,0
ID_95368683,0
ID_95373803,0
ID_95413483,0
ID_95457003,0
ID_95549163,0
ID_95615723,0
ID_95642603,0
ID_95707883,0
ID_95719403,0
ID_95748843,0
ID_95765483,0
ID_95794923,0
ID_95806443,0
ID_95826923,0
ID_95834603,0
ID_95849963,0
ID_95926763,0
ID_95935723,0
ID_95951083,0
ID_95965163,0
ID_95974123,0
ID_96029163,0
ID_96089323,0
ID_96109803,0
ID_96129003,0
ID_96186603,0
ID_96209643,0
ID_96213483,0
ID_96245483,0
ID_96255723,0
ID_96257003,0
ID_96282603,0
ID_96294123,0
ID_96299243,0
ID_96303083,0
ID_96372203,0
ID_96402923,0
ID_96434923,0
ID_96437483,0
ID_96461803,0
ID_96495083,0
ID_96553963,0
ID_96559083,0
ID_96573163,0
ID_96614123,0
ID_96628203,0
ID_96676843,0
ID_96703723,0
ID_96740843,0
ID_96745963,0
ID_96780523,0
ID_96803563,0
ID_96827883,0
ID_96885483,0
ID_96973803,0
ID_96982763,0
ID_97017323,0
ID_97054443,0
ID_97086443,0
ID_97090283,0
ID_97201643,0
ID_97279723,0
ID_97309163,0
ID_97378283,0
ID_97417963,0
ID_97421803,0
ID_97441003,0
ID_97464043,0
ID_97476843,0
ID_97577963,0
ID_97626603,0
ID_97649643,0
ID_97657323,0
ID_97693163,0
ID_97769963,0
ID_97778923,0
ID_97785323,0
ID_97857003,0
ID_97880043,0
ID_97897963,0
ID_97900523,0
ID_97931243,0
ID_97940203,0
ID_97963243,0
ID_98079723,0
ID_98091243,0
ID_98116843,0
ID_98147563,0
ID_98225643,1
ID_98273003,0
ID_98284523,0
ID_98296043,0
ID_98298603,0
ID_98321643,0
ID_98330603,0
ID_98386923,0
ID_98441963,0
ID_98445803,0
ID_98465003,0
ID_98477803,0
ID_98503403,0
ID_98511083,0
ID_98512363,0
ID_98572523,0
ID_98593003,0
ID_98603243,0
ID_98692843,0
ID_98747883,0
ID_98793963,0
ID_98842603,0
ID_98878443,0
ID_98886123,0
ID_98915563,0
ID_98947563,0
ID_98959083,0
ID_98982123,0
ID_99007723,0
ID_99120363,0
ID_99137003,1
ID_99152363,0
ID_99183083,0
ID_99198443,0
ID_99221483,0
ID_99226603,0
ID_99263723,0
ID_99295723,0
ID_99311083,0
ID_99353323,0
ID_99387883,0
ID_99394283,0
ID_99435243,0
ID_99446763,0
ID_99468523,0
ID_99483883,0
ID_99529963,0
ID_99647723,0
ID_99654123,0
ID_99677163,0
ID_99684843,0
ID_99720683,0
ID_99757803,0
ID_99801323,0
ID_99812843,0
ID_99815403,0
ID_99824363,0
ID_99832043,0
ID_99935723,0
